OTU_ID,Kingdom,Phylum,Class,Order,Family,Genus,sample_name,count
OTU_1,Bacteria,Actinobacteria,Bacteroidia,Actinomycetales,Actinomycetaceae,Escherichia,GUA57,998
OTU_10,Bacteria,Actinobacteria,Bacteroidia,NA,Lactobacillaceae,Escherichia,GUA09,197
OTU_102,Bacteria,Actinobacteria,Gammaproteobacteria,NA,Lactobacillaceae,Actinomyces,GUA03,1
OTU_104,Bacteria,Actinobacteria,Bacilli,Rhizobiales,Bacteroidaceae,Lactobacillus,GUA44,504
OTU_110,Bacteria,Actinobacteria,Actinobacteria,NA,Lactobacillaceae,Escherichia,GUA38,524
OTU_111,Bacteria,Actinobacteria,Bacilli,Flavobacteriales,Actinomycetaceae,Lactobacillus,GUA54,689
OTU_118,Bacteria,Actinobacteria,Bacteroidia,Enterobacterales,Enterobacteriaceae,Bacteroides,GUA03,16
OTU_12,Bacteria,Actinobacteria,Actinobacteria,Rhizobiales,Enterobacteriaceae,Lactobacillus,GUA23,376
OTU_123,Bacteria,Actinobacteria,Bacteroidia,Flavobacteriales,Actinomycetaceae,Lactobacillus,GUA72,924
OTU_129,Bacteria,Actinobacteria,Bacilli,Enterobacterales,Enterobacteriaceae,Actinomyces,GUA12,66
OTU_131,Bacteria,Actinobacteria,Bacteroidia,NA,Lactobacillaceae,Escherichia,GUA55,730
OTU_132,Bacteria,Actinobacteria,Gammaproteobacteria,Bacillales,Enterobacteriaceae,Escherichia,GUA44,646
OTU_136,Bacteria,Actinobacteria,Gammaproteobacteria,NA,Actinomycetaceae,Escherichia,GUA15,126
OTU_139,Bacteria,Actinobacteria,Actinobacteria,NA,Bacteroidaceae,Escherichia,GUA31,430
OTU_144,Bacteria,Actinobacteria,Actinobacteria,NA,Bacteroidaceae,Escherichia,GUA01,1
OTU_146,Bacteria,Actinobacteria,Actinobacteria,Flavobacteriales,Lactobacillaceae,Bacteroides,GUA52,611
OTU_147,Bacteria,Actinobacteria,Bacteroidia,Pseudomonadales,Bacteroidaceae,Bacteroides,GUA62,737
OTU_15,Bacteria,Actinobacteria,Gammaproteobacteria,NA,Bacteroidaceae,Lactobacillus,GUA37,491
OTU_155,Bacteria,Actinobacteria,Bacteroidia,Actinomycetales,Bacteroidaceae,Actinomyces,GUA33,408
OTU_156,Bacteria,Actinobacteria,Gammaproteobacteria,Actinomycetales,Actinomycetaceae,Actinomyces,GUA46,630
OTU_161,Bacteria,Actinobacteria,Bacteroidia,NA,Enterobacteriaceae,Escherichia,GUA13,211
OTU_163,Bacteria,Actinobacteria,Actinobacteria,NA,Enterobacteriaceae,Actinomyces,GUA67,873
OTU_171,Bacteria,Actinobacteria,Actinobacteria,Flavobacteriales,Enterobacteriaceae,Bacteroides,GUA54,749
OTU_18,Bacteria,Actinobacteria,Gammaproteobacteria,Actinomycetales,Lactobacillaceae,Actinomyces,GUA02,1
OTU_182,Bacteria,Actinobacteria,Gammaproteobacteria,NA,Actinomycetaceae,Lactobacillus,GUA26,465
OTU_183,Bacteria,Actinobacteria,Bacilli,Flavobacteriales,Bacteroidaceae,Bacteroides,GUA22,346
OTU_189,Bacteria,Actinobacteria,Bacilli,Pseudomonadales,Actinomycetaceae,Escherichia,GUA54,771
OTU_195,Bacteria,Actinobacteria,Actinobacteria,Flavobacteriales,Actinomycetaceae,Escherichia,GUA64,809
OTU_197,Bacteria,Actinobacteria,Bacilli,NA,Actinomycetaceae,Bacteroides,GUA71,992
OTU_198,Bacteria,Actinobacteria,Bacteroidia,NA,Bacteroidaceae,Bacteroides,GUA55,716
OTU_2,Bacteria,Actinobacteria,Bacteroidia,Flavobacteriales,Lactobacillaceae,Lactobacillus,GUA25,347
OTU_201,Bacteria,Actinobacteria,Bacteroidia,Actinomycetales,Enterobacteriaceae,Escherichia,GUA22,270
OTU_202,Bacteria,Actinobacteria,Bacteroidia,Enterobacterales,Lactobacillaceae,Lactobacillus,GUA57,776
OTU_207,Bacteria,Actinobacteria,Actinobacteria,NA,Bacteroidaceae,Escherichia,GUA12,168
OTU_208,Bacteria,Actinobacteria,Actinobacteria,NA,Enterobacteriaceae,Lactobacillus,GUA71,1001
OTU_21,Bacteria,Actinobacteria,Actinobacteria,Rhizobiales,Bacteroidaceae,Lactobacillus,GUA58,728
OTU_211,Bacteria,Actinobacteria,Bacilli,Enterobacterales,Actinomycetaceae,Lactobacillus,GUA56,647
OTU_212,Bacteria,Actinobacteria,Bacteroidia,Rhizobiales,Lactobacillaceae,Bacteroides,GUA36,510
OTU_219,Bacteria,Actinobacteria,Bacilli,NA,Enterobacteriaceae,Bacteroides,GUA37,522
OTU_229,Bacteria,Actinobacteria,Gammaproteobacteria,NA,Lactobacillaceae,Bacteroides,GUA30,388
OTU_234,Bacteria,Actinobacteria,Actinobacteria,Rhizobiales,Lactobacillaceae,Escherichia,GUA26,327
OTU_241,Bacteria,Actinobacteria,Actinobacteria,NA,Lactobacillaceae,Bacteroides,GUA41,576
OTU_242,Bacteria,Actinobacteria,Gammaproteobacteria,Actinomycetales,Actinomycetaceae,Actinomyces,GUA30,458
OTU_246,Bacteria,Actinobacteria,Actinobacteria,NA,Bacteroidaceae,Escherichia,GUA58,640
OTU_248,Bacteria,Actinobacteria,Gammaproteobacteria,NA,Enterobacteriaceae,Actinomyces,GUA61,793
OTU_253,Bacteria,Actinobacteria,Actinobacteria,NA,Lactobacillaceae,Bacteroides,GUA33,399
OTU_262,Bacteria,Actinobacteria,Bacteroidia,Actinomycetales,Lactobacillaceae,Lactobacillus,GUA73,949
OTU_265,Bacteria,Actinobacteria,Bacilli,Actinomycetales,Bacteroidaceae,Actinomyces,GUA01,1
OTU_268,Bacteria,Actinobacteria,Gammaproteobacteria,Burkholderiales,Enterobacteriaceae,Actinomyces,GUA37,466
OTU_269,Bacteria,Actinobacteria,Gammaproteobacteria,Pseudomonadales,Bacteroidaceae,Escherichia,GUA46,636
OTU_27,Bacteria,Actinobacteria,Actinobacteria,NA,Bacteroidaceae,Actinomyces,GUA66,854
OTU_270,Bacteria,Actinobacteria,Bacilli,Burkholderiales,Bacteroidaceae,Actinomyces,GUA31,464
OTU_286,Bacteria,Actinobacteria,Bacilli,NA,Enterobacteriaceae,Actinomyces,GUA39,495
OTU_288,Bacteria,Actinobacteria,Bacilli,NA,Actinomycetaceae,Lactobacillus,GUA51,698
OTU_292,Bacteria,Actinobacteria,Gammaproteobacteria,Actinomycetales,Bacteroidaceae,Actinomyces,GUA33,495
OTU_296,Bacteria,Actinobacteria,Bacilli,Actinomycetales,Lactobacillaceae,Escherichia,GUA29,398
OTU_297,Bacteria,Actinobacteria,Actinobacteria,Actinomycetales,Actinomycetaceae,Lactobacillus,GUA68,982
OTU_299,Bacteria,Actinobacteria,Actinobacteria,NA,Bacteroidaceae,Escherichia,GUA31,428
OTU_300,Bacteria,Actinobacteria,Actinobacteria,Burkholderiales,Bacteroidaceae,Lactobacillus,GUA17,259
OTU_302,Bacteria,Actinobacteria,Bacteroidia,NA,Actinomycetaceae,Bacteroides,GUA80,913
OTU_309,Bacteria,Actinobacteria,Gammaproteobacteria,Burkholderiales,Actinomycetaceae,Actinomyces,GUA80,1024
OTU_31,Bacteria,Actinobacteria,Gammaproteobacteria,Enterobacterales,Actinomycetaceae,Escherichia,GUA07,106
OTU_310,Bacteria,Actinobacteria,Bacilli,Burkholderiales,Bacteroidaceae,Bacteroides,GUA23,290
OTU_312,Bacteria,Actinobacteria,Actinobacteria,NA,Lactobacillaceae,Lactobacillus,GUA49,663
OTU_315,Bacteria,Actinobacteria,Actinobacteria,Pseudomonadales,Bacteroidaceae,Bacteroides,GUA71,836
OTU_319,Bacteria,Actinobacteria,Bacteroidia,NA,Actinomycetaceae,Actinomyces,GUA70,896
OTU_321,Bacteria,Actinobacteria,Bacteroidia,Rhizobiales,Actinomycetaceae,Bacteroides,GUA33,497
OTU_325,Bacteria,Actinobacteria,Bacteroidia,Bacillales,Enterobacteriaceae,Bacteroides,GUA37,535
OTU_329,Bacteria,Actinobacteria,Actinobacteria,NA,Lactobacillaceae,Escherichia,GUA21,492
OTU_332,Bacteria,Actinobacteria,Actinobacteria,Actinomycetales,Actinomycetaceae,Bacteroides,GUA51,826
OTU_337,Bacteria,Actinobacteria,Gammaproteobacteria,NA,Lactobacillaceae,Lactobacillus,GUA65,811
OTU_338,Bacteria,Actinobacteria,Gammaproteobacteria,Actinomycetales,Bacteroidaceae,Actinomyces,GUA13,192
OTU_34,Bacteria,Actinobacteria,Bacilli,NA,Bacteroidaceae,Escherichia,GUA63,828
OTU_343,Bacteria,Actinobacteria,Bacilli,NA,Enterobacteriaceae,Bacteroides,GUA66,983
OTU_344,Bacteria,Actinobacteria,Bacteroidia,Pseudomonadales,Lactobacillaceae,Lactobacillus,GUA27,368
OTU_347,Bacteria,Actinobacteria,Bacilli,NA,Bacteroidaceae,Lactobacillus,GUA37,587
OTU_349,Bacteria,Actinobacteria,Actinobacteria,Flavobacteriales,Enterobacteriaceae,Lactobacillus,GUA10,157
OTU_350,Bacteria,Actinobacteria,Actinobacteria,NA,Lactobacillaceae,Actinomyces,GUA72,891
OTU_356,Bacteria,Actinobacteria,Bacteroidia,NA,Actinomycetaceae,Escherichia,GUA13,132
OTU_358,Bacteria,Actinobacteria,Actinobacteria,Flavobacteriales,Actinomycetaceae,Actinomyces,GUA38,575
OTU_362,Bacteria,Actinobacteria,Gammaproteobacteria,NA,Actinomycetaceae,Escherichia,GUA37,506
OTU_365,Bacteria,Actinobacteria,Actinobacteria,NA,Bacteroidaceae,Lactobacillus,GUA66,869
OTU_366,Bacteria,Actinobacteria,Actinobacteria,Burkholderiales,Bacteroidaceae,Lactobacillus,GUA27,211
OTU_369,Bacteria,Actinobacteria,Gammaproteobacteria,NA,Actinomycetaceae,Actinomyces,GUA11,146
OTU_374,Bacteria,Actinobacteria,Bacteroidia,Flavobacteriales,Enterobacteriaceae,Actinomyces,GUA66,901
OTU_379,Bacteria,Actinobacteria,Actinobacteria,Actinomycetales,Lactobacillaceae,Escherichia,GUA29,432
OTU_385,Bacteria,Actinobacteria,Actinobacteria,NA,Bacteroidaceae,Actinomyces,GUA28,445
OTU_394,Bacteria,Actinobacteria,Bacteroidia,NA,Lactobacillaceae,Actinomyces,GUA67,838
OTU_400,Bacteria,Actinobacteria,Bacteroidia,Flavobacteriales,Actinomycetaceae,Actinomyces,GUA08,1
OTU_402,Bacteria,Actinobacteria,Gammaproteobacteria,NA,Enterobacteriaceae,Lactobacillus,GUA52,770
OTU_404,Bacteria,Actinobacteria,Bacteroidia,Actinomycetales,Enterobacteriaceae,Bacteroides,GUA48,646
OTU_409,Bacteria,Actinobacteria,Bacteroidia,NA,Bacteroidaceae,Bacteroides,GUA55,693
OTU_411,Bacteria,Actinobacteria,Bacilli,NA,Bacteroidaceae,Bacteroides,GUA29,364
OTU_412,Bacteria,Actinobacteria,Bacilli,NA,Bacteroidaceae,Actinomyces,GUA03,35
OTU_413,Bacteria,Actinobacteria,Actinobacteria,Enterobacterales,Bacteroidaceae,Lactobacillus,GUA16,319
OTU_416,Bacteria,Actinobacteria,Actinobacteria,Actinomycetales,Lactobacillaceae,Bacteroides,GUA11,251
OTU_425,Bacteria,Actinobacteria,Bacteroidia,Actinomycetales,Actinomycetaceae,Escherichia,GUA57,754
OTU_434,Bacteria,Actinobacteria,Actinobacteria,Enterobacterales,Enterobacteriaceae,Actinomyces,GUA20,237
OTU_437,Bacteria,Actinobacteria,Gammaproteobacteria,Enterobacterales,Bacteroidaceae,Escherichia,GUA07,167
OTU_440,Bacteria,Actinobacteria,Gammaproteobacteria,Actinomycetales,Actinomycetaceae,Lactobacillus,GUA62,848
OTU_445,Bacteria,Actinobacteria,Bacilli,Actinomycetales,Lactobacillaceae,Lactobacillus,GUA80,915
OTU_448,Bacteria,Actinobacteria,Bacilli,Bacillales,Bacteroidaceae,Escherichia,GUA06,114
OTU_45,Bacteria,Actinobacteria,Bacilli,Chlamydiales,Enterobacteriaceae,Escherichia,GUA30,423
OTU_450,Bacteria,Actinobacteria,Actinobacteria,Pseudomonadales,Lactobacillaceae,Bacteroides,GUA47,546
OTU_453,Bacteria,Actinobacteria,Bacilli,NA,Bacteroidaceae,Lactobacillus,GUA49,591
OTU_46,Bacteria,Actinobacteria,Actinobacteria,Pseudomonadales,Bacteroidaceae,Escherichia,GUA43,519
OTU_462,Bacteria,Actinobacteria,Bacteroidia,Pseudomonadales,Lactobacillaceae,Bacteroides,GUA06,132
OTU_468,Bacteria,Actinobacteria,Bacteroidia,NA,Enterobacteriaceae,Bacteroides,GUA40,520
OTU_481,Bacteria,Actinobacteria,Gammaproteobacteria,NA,Bacteroidaceae,Lactobacillus,GUA80,1034
OTU_485,Bacteria,Actinobacteria,Bacilli,NA,Bacteroidaceae,Lactobacillus,GUA07,153
OTU_486,Bacteria,Actinobacteria,Bacteroidia,Rhizobiales,Bacteroidaceae,Escherichia,GUA28,389
OTU_488,Bacteria,Actinobacteria,Bacteroidia,NA,Enterobacteriaceae,Bacteroides,GUA08,109
OTU_499,Bacteria,Actinobacteria,Bacilli,NA,Actinomycetaceae,Actinomyces,GUA27,363
OTU_500,Bacteria,Actinobacteria,Gammaproteobacteria,Burkholderiales,Enterobacteriaceae,Bacteroides,GUA71,937
OTU_505,Bacteria,Actinobacteria,Bacilli,Pseudomonadales,Lactobacillaceae,Bacteroides,GUA72,1015
OTU_507,Bacteria,Actinobacteria,Gammaproteobacteria,Burkholderiales,Actinomycetaceae,Actinomyces,GUA16,169
OTU_508,Bacteria,Actinobacteria,Gammaproteobacteria,NA,Actinomycetaceae,Lactobacillus,GUA17,266
OTU_509,Bacteria,Actinobacteria,Actinobacteria,Actinomycetales,Actinomycetaceae,Bacteroides,GUA23,341
OTU_519,Bacteria,Actinobacteria,Actinobacteria,NA,Enterobacteriaceae,Lactobacillus,GUA26,339
OTU_523,Bacteria,Actinobacteria,Bacteroidia,Flavobacteriales,Bacteroidaceae,Escherichia,GUA57,735
OTU_526,Bacteria,Actinobacteria,Gammaproteobacteria,NA,Bacteroidaceae,Bacteroides,GUA14,195
OTU_529,Bacteria,Actinobacteria,Bacilli,NA,Actinomycetaceae,Actinomyces,GUA26,428
OTU_530,Bacteria,Actinobacteria,Actinobacteria,Flavobacteriales,Lactobacillaceae,Actinomyces,GUA54,636
OTU_531,Bacteria,Actinobacteria,Bacilli,NA,Actinomycetaceae,Lactobacillus,GUA25,370
OTU_533,Bacteria,Actinobacteria,Bacteroidia,Bacillales,Lactobacillaceae,Actinomyces,GUA20,286
OTU_539,Bacteria,Actinobacteria,Gammaproteobacteria,Actinomycetales,Enterobacteriaceae,Escherichia,GUA30,463
OTU_540,Bacteria,Actinobacteria,Bacteroidia,NA,Bacteroidaceae,Escherichia,GUA29,307
OTU_542,Bacteria,Actinobacteria,Bacteroidia,NA,Lactobacillaceae,Lactobacillus,GUA32,434
OTU_547,Bacteria,Actinobacteria,Bacilli,Actinomycetales,Enterobacteriaceae,Escherichia,GUA51,597
OTU_55,Bacteria,Actinobacteria,Gammaproteobacteria,NA,Enterobacteriaceae,Lactobacillus,GUA01,97
OTU_550,Bacteria,Actinobacteria,Bacilli,Flavobacteriales,Enterobacteriaceae,Escherichia,GUA16,183
OTU_551,Bacteria,Actinobacteria,Gammaproteobacteria,Flavobacteriales,Lactobacillaceae,Bacteroides,GUA72,988
OTU_552,Bacteria,Actinobacteria,Bacteroidia,Actinomycetales,Lactobacillaceae,Escherichia,GUA60,852
OTU_553,Bacteria,Actinobacteria,Bacilli,Actinomycetales,Bacteroidaceae,Bacteroides,GUA39,433
OTU_569,Bacteria,Actinobacteria,Actinobacteria,Pseudomonadales,Enterobacteriaceae,Lactobacillus,GUA43,523
OTU_571,Bacteria,Actinobacteria,Bacilli,Pseudomonadales,Actinomycetaceae,Bacteroides,GUA20,287
OTU_572,Bacteria,Actinobacteria,Bacilli,Flavobacteriales,Actinomycetaceae,Actinomyces,GUA41,615
OTU_573,Bacteria,Actinobacteria,Actinobacteria,NA,Lactobacillaceae,Lactobacillus,GUA03,21
OTU_578,Bacteria,Actinobacteria,Bacteroidia,Rhizobiales,Lactobacillaceae,Escherichia,GUA01,34
OTU_58,Bacteria,Actinobacteria,Bacilli,Enterobacterales,Bacteroidaceae,Lactobacillus,GUA42,625
OTU_581,Bacteria,Actinobacteria,Actinobacteria,Actinomycetales,Bacteroidaceae,Escherichia,GUA69,900
OTU_587,Bacteria,Actinobacteria,Bacteroidia,Actinomycetales,Lactobacillaceae,Escherichia,GUA60,772
OTU_589,Bacteria,Actinobacteria,Gammaproteobacteria,Flavobacteriales,Actinomycetaceae,Escherichia,GUA01,45
OTU_591,Bacteria,Actinobacteria,Gammaproteobacteria,NA,Lactobacillaceae,Lactobacillus,GUA58,776
OTU_594,Bacteria,Actinobacteria,Bacilli,NA,Actinomycetaceae,Escherichia,GUA15,250
OTU_596,Bacteria,Actinobacteria,Bacteroidia,NA,Actinomycetaceae,Escherichia,GUA14,218
OTU_6,Bacteria,Actinobacteria,Actinobacteria,Burkholderiales,Actinomycetaceae,Actinomyces,GUA26,442
OTU_600,Bacteria,Actinobacteria,Bacteroidia,Flavobacteriales,Enterobacteriaceae,Lactobacillus,GUA36,456
OTU_604,Bacteria,Actinobacteria,Actinobacteria,Burkholderiales,Enterobacteriaceae,Actinomyces,GUA64,879
OTU_607,Bacteria,Actinobacteria,Bacteroidia,Burkholderiales,Lactobacillaceae,Lactobacillus,GUA37,496
OTU_608,Bacteria,Actinobacteria,Actinobacteria,NA,Bacteroidaceae,Lactobacillus,GUA16,292
OTU_609,Bacteria,Actinobacteria,Actinobacteria,NA,Actinomycetaceae,Escherichia,GUA41,534
OTU_611,Bacteria,Actinobacteria,Bacteroidia,NA,Bacteroidaceae,Actinomyces,GUA82,969
OTU_619,Bacteria,Actinobacteria,Bacilli,Enterobacterales,Enterobacteriaceae,Bacteroides,GUA69,860
OTU_622,Bacteria,Actinobacteria,Bacilli,NA,Actinomycetaceae,Lactobacillus,GUA31,399
OTU_628,Bacteria,Actinobacteria,Gammaproteobacteria,Bacillales,Bacteroidaceae,Lactobacillus,GUA14,149
OTU_63,Bacteria,Actinobacteria,Bacilli,Enterobacterales,Enterobacteriaceae,Bacteroides,GUA08,155
OTU_632,Bacteria,Actinobacteria,Bacilli,Actinomycetales,Enterobacteriaceae,Bacteroides,GUA47,639
OTU_637,Bacteria,Actinobacteria,Actinobacteria,Burkholderiales,Enterobacteriaceae,Actinomyces,GUA17,294
OTU_640,Bacteria,Actinobacteria,Actinobacteria,Actinomycetales,Bacteroidaceae,Escherichia,GUA67,896
OTU_650,Bacteria,Actinobacteria,Gammaproteobacteria,Actinomycetales,Lactobacillaceae,Lactobacillus,GUA37,525
OTU_651,Bacteria,Actinobacteria,Gammaproteobacteria,Pseudomonadales,Lactobacillaceae,Bacteroides,GUA15,147
OTU_653,Bacteria,Actinobacteria,Gammaproteobacteria,NA,Bacteroidaceae,Actinomyces,GUA04,70
OTU_659,Bacteria,Actinobacteria,Actinobacteria,Enterobacterales,Enterobacteriaceae,Lactobacillus,GUA45,582
OTU_660,Bacteria,Actinobacteria,Bacteroidia,NA,Lactobacillaceae,Lactobacillus,GUA16,194
OTU_665,Bacteria,Actinobacteria,Gammaproteobacteria,Enterobacterales,Enterobacteriaceae,Lactobacillus,GUA25,332
OTU_676,Bacteria,Actinobacteria,Gammaproteobacteria,Flavobacteriales,Actinomycetaceae,Bacteroides,GUA31,483
OTU_677,Bacteria,Actinobacteria,Bacteroidia,Flavobacteriales,Actinomycetaceae,Escherichia,GUA55,767
OTU_684,Bacteria,Actinobacteria,Actinobacteria,NA,Enterobacteriaceae,Lactobacillus,GUA14,274
OTU_692,Bacteria,Actinobacteria,Bacilli,NA,Actinomycetaceae,Lactobacillus,GUA51,631
OTU_697,Bacteria,Actinobacteria,Bacilli,NA,Enterobacteriaceae,Lactobacillus,GUA12,157
OTU_698,Bacteria,Actinobacteria,Bacilli,Enterobacterales,Bacteroidaceae,Escherichia,GUA11,77
OTU_7,Bacteria,Actinobacteria,Bacilli,Actinomycetales,Actinomycetaceae,Bacteroides,GUA17,336
OTU_700,Bacteria,Actinobacteria,Gammaproteobacteria,NA,Lactobacillaceae,Bacteroides,GUA09,140
OTU_702,Bacteria,Actinobacteria,Bacteroidia,Actinomycetales,Lactobacillaceae,Lactobacillus,GUA21,344
OTU_703,Bacteria,Actinobacteria,Bacilli,Bacillales,Actinomycetaceae,Lactobacillus,GUA66,888
OTU_704,Bacteria,Actinobacteria,Gammaproteobacteria,NA,Lactobacillaceae,Bacteroides,GUA13,215
OTU_706,Bacteria,Actinobacteria,Bacteroidia,Actinomycetales,Bacteroidaceae,Actinomyces,GUA64,854
OTU_707,Bacteria,Actinobacteria,Actinobacteria,NA,Bacteroidaceae,Lactobacillus,GUA10,120
OTU_708,Bacteria,Actinobacteria,Bacilli,Burkholderiales,Actinomycetaceae,Lactobacillus,GUA13,110
OTU_712,Bacteria,Actinobacteria,Bacilli,NA,Bacteroidaceae,Bacteroides,GUA01,3
OTU_715,Bacteria,Actinobacteria,Bacteroidia,Actinomycetales,Bacteroidaceae,Actinomyces,GUA64,854
OTU_75,Bacteria,Actinobacteria,Bacilli,NA,Bacteroidaceae,Lactobacillus,GUA58,703
OTU_78,Bacteria,Actinobacteria,Actinobacteria,Flavobacteriales,Bacteroidaceae,Lactobacillus,GUA08,119
OTU_79,Bacteria,Actinobacteria,Actinobacteria,Actinomycetales,Enterobacteriaceae,Lactobacillus,GUA61,781
OTU_80,Bacteria,Actinobacteria,Gammaproteobacteria,Rhizobiales,Bacteroidaceae,Escherichia,GUA15,141
OTU_84,Bacteria,Actinobacteria,Bacilli,NA,Enterobacteriaceae,Lactobacillus,GUA40,551
OTU_91,Bacteria,Actinobacteria,Actinobacteria,Enterobacterales,Bacteroidaceae,Escherichia,GUA30,379
OTU_96,Bacteria,Actinobacteria,Gammaproteobacteria,NA,Bacteroidaceae,Lactobacillus,GUA61,819
OTU_97,Bacteria,Actinobacteria,Bacteroidia,Chlamydiales,Bacteroidaceae,Escherichia,GUA62,848
OTU_100,Bacteria,Bacteroidetes,Bacilli,NA,Enterobacteriaceae,Actinomyces,GUA08,101
OTU_101,Bacteria,Bacteroidetes,Bacteroidia,Actinomycetales,Bacteroidaceae,Lactobacillus,GUA16,231
OTU_103,Bacteria,Bacteroidetes,Bacteroidia,NA,Lactobacillaceae,Lactobacillus,GUA01,58
OTU_105,Bacteria,Bacteroidetes,Gammaproteobacteria,Burkholderiales,Actinomycetaceae,Bacteroides,GUA10,157
OTU_106,Bacteria,Bacteroidetes,Bacteroidia,NA,Enterobacteriaceae,Actinomyces,GUA43,581
OTU_109,Bacteria,Bacteroidetes,Actinobacteria,NA,Enterobacteriaceae,Escherichia,GUA54,645
OTU_121,Bacteria,Bacteroidetes,Bacilli,Bacillales,Lactobacillaceae,Bacteroides,GUA17,206
OTU_122,Bacteria,Bacteroidetes,Gammaproteobacteria,Actinomycetales,Bacteroidaceae,Escherichia,GUA54,656
OTU_125,Bacteria,Bacteroidetes,Actinobacteria,NA,Lactobacillaceae,Escherichia,GUA24,300
OTU_126,Bacteria,Bacteroidetes,Actinobacteria,Flavobacteriales,Enterobacteriaceae,Lactobacillus,GUA58,834
OTU_128,Bacteria,Bacteroidetes,Gammaproteobacteria,NA,Enterobacteriaceae,Lactobacillus,GUA63,781
OTU_130,Bacteria,Bacteroidetes,Bacteroidia,Rhizobiales,Bacteroidaceae,Bacteroides,GUA56,763
OTU_137,Bacteria,Bacteroidetes,Bacteroidia,Pseudomonadales,Enterobacteriaceae,Bacteroides,GUA32,447
OTU_138,Bacteria,Bacteroidetes,Actinobacteria,NA,Actinomycetaceae,Lactobacillus,GUA26,293
OTU_140,Bacteria,Bacteroidetes,Actinobacteria,NA,Bacteroidaceae,Actinomyces,GUA73,981
OTU_142,Bacteria,Bacteroidetes,Bacteroidia,Bacillales,Actinomycetaceae,Escherichia,GUA11,134
OTU_149,Bacteria,Bacteroidetes,Gammaproteobacteria,Enterobacterales,Actinomycetaceae,Bacteroides,GUA12,162
OTU_151,Bacteria,Bacteroidetes,Gammaproteobacteria,Actinomycetales,Enterobacteriaceae,Escherichia,GUA40,562
OTU_152,Bacteria,Bacteroidetes,Actinobacteria,Bacillales,Enterobacteriaceae,Actinomyces,GUA71,1010
OTU_157,Bacteria,Bacteroidetes,Gammaproteobacteria,Burkholderiales,Lactobacillaceae,Lactobacillus,GUA69,896
OTU_158,Bacteria,Bacteroidetes,Gammaproteobacteria,Flavobacteriales,Bacteroidaceae,Lactobacillus,GUA71,803
OTU_164,Bacteria,Bacteroidetes,Bacilli,NA,Actinomycetaceae,Lactobacillus,GUA26,403
OTU_165,Bacteria,Bacteroidetes,Actinobacteria,NA,Bacteroidaceae,Bacteroides,GUA49,630
OTU_173,Bacteria,Bacteroidetes,Gammaproteobacteria,NA,Bacteroidaceae,Lactobacillus,GUA03,50
OTU_177,Bacteria,Bacteroidetes,Bacilli,Flavobacteriales,Enterobacteriaceae,Bacteroides,GUA62,831
OTU_181,Bacteria,Bacteroidetes,Actinobacteria,Rhizobiales,Enterobacteriaceae,Actinomyces,GUA06,95
OTU_184,Bacteria,Bacteroidetes,Gammaproteobacteria,NA,Enterobacteriaceae,Bacteroides,GUA45,695
OTU_185,Bacteria,Bacteroidetes,Bacilli,Flavobacteriales,Actinomycetaceae,Bacteroides,GUA05,62
OTU_186,Bacteria,Bacteroidetes,Bacteroidia,NA,Bacteroidaceae,Escherichia,GUA82,1018
OTU_188,Bacteria,Bacteroidetes,Actinobacteria,Flavobacteriales,Enterobacteriaceae,Actinomyces,GUA57,698
OTU_191,Bacteria,Bacteroidetes,Bacilli,NA,Lactobacillaceae,Bacteroides,GUA35,499
OTU_196,Bacteria,Bacteroidetes,Gammaproteobacteria,Burkholderiales,Actinomycetaceae,Actinomyces,GUA52,651
OTU_200,Bacteria,Bacteroidetes,Gammaproteobacteria,Enterobacterales,Lactobacillaceae,Escherichia,GUA42,628
OTU_203,Bacteria,Bacteroidetes,Bacilli,Actinomycetales,Bacteroidaceae,Actinomyces,GUA01,49
OTU_205,Bacteria,Bacteroidetes,Gammaproteobacteria,NA,Bacteroidaceae,Escherichia,GUA72,874
OTU_206,Bacteria,Bacteroidetes,Bacilli,NA,Actinomycetaceae,Bacteroides,GUA21,322
OTU_209,Bacteria,Bacteroidetes,Gammaproteobacteria,Actinomycetales,Actinomycetaceae,Actinomyces,GUA12,289
OTU_210,Bacteria,Bacteroidetes,Bacteroidia,NA,Actinomycetaceae,Escherichia,GUA01,1
OTU_215,Bacteria,Bacteroidetes,Bacteroidia,Enterobacterales,Bacteroidaceae,Bacteroides,GUA05,54
OTU_217,Bacteria,Bacteroidetes,Bacilli,NA,Lactobacillaceae,Escherichia,GUA69,944
OTU_220,Bacteria,Bacteroidetes,Gammaproteobacteria,Actinomycetales,Bacteroidaceae,Actinomyces,GUA31,406
OTU_221,Bacteria,Bacteroidetes,Actinobacteria,Rhizobiales,Actinomycetaceae,Lactobacillus,GUA27,407
OTU_224,Bacteria,Bacteroidetes,Bacilli,Bacillales,Bacteroidaceae,Bacteroides,GUA50,650
OTU_226,Bacteria,Bacteroidetes,Gammaproteobacteria,Actinomycetales,Bacteroidaceae,Escherichia,GUA03,1
OTU_23,Bacteria,Bacteroidetes,Actinobacteria,Actinomycetales,Bacteroidaceae,Escherichia,GUA22,359
OTU_231,Bacteria,Bacteroidetes,Bacteroidia,Burkholderiales,Actinomycetaceae,Lactobacillus,GUA36,570
OTU_233,Bacteria,Bacteroidetes,Bacilli,Enterobacterales,Bacteroidaceae,Actinomyces,GUA30,385
OTU_237,Bacteria,Bacteroidetes,Gammaproteobacteria,Actinomycetales,Bacteroidaceae,Escherichia,GUA18,254
OTU_240,Bacteria,Bacteroidetes,Bacilli,Flavobacteriales,Bacteroidaceae,Actinomyces,GUA24,441
OTU_243,Bacteria,Bacteroidetes,Bacteroidia,NA,Bacteroidaceae,Lactobacillus,GUA35,417
OTU_247,Bacteria,Bacteroidetes,Bacilli,Actinomycetales,Actinomycetaceae,Escherichia,GUA04,53
OTU_249,Bacteria,Bacteroidetes,Gammaproteobacteria,NA,Lactobacillaceae,Lactobacillus,GUA50,662
OTU_256,Bacteria,Bacteroidetes,Bacteroidia,Actinomycetales,Actinomycetaceae,Escherichia,GUA39,541
OTU_257,Bacteria,Bacteroidetes,Bacilli,Rhizobiales,Enterobacteriaceae,Lactobacillus,GUA51,656
OTU_260,Bacteria,Bacteroidetes,Actinobacteria,Chlamydiales,Lactobacillaceae,Actinomyces,GUA28,456
OTU_267,Bacteria,Bacteroidetes,Bacteroidia,Enterobacterales,Actinomycetaceae,Actinomyces,GUA30,398
OTU_271,Bacteria,Bacteroidetes,Bacteroidia,Burkholderiales,Bacteroidaceae,Escherichia,GUA49,587
OTU_274,Bacteria,Bacteroidetes,Bacteroidia,Rhizobiales,Actinomycetaceae,Bacteroides,GUA12,184
OTU_28,Bacteria,Bacteroidetes,Bacteroidia,NA,Bacteroidaceae,Bacteroides,GUA21,247
OTU_280,Bacteria,Bacteroidetes,Bacteroidia,Flavobacteriales,Lactobacillaceae,Bacteroides,GUA67,936
OTU_282,Bacteria,Bacteroidetes,Bacteroidia,Flavobacteriales,Bacteroidaceae,Escherichia,GUA57,663
OTU_285,Bacteria,Bacteroidetes,Gammaproteobacteria,NA,Enterobacteriaceae,Actinomyces,GUA13,135
OTU_287,Bacteria,Bacteroidetes,Bacilli,Pseudomonadales,Enterobacteriaceae,Escherichia,GUA02,111
OTU_289,Bacteria,Bacteroidetes,Actinobacteria,Flavobacteriales,Lactobacillaceae,Bacteroides,GUA35,494
OTU_29,Bacteria,Bacteroidetes,Gammaproteobacteria,NA,Bacteroidaceae,Lactobacillus,GUA15,183
OTU_291,Bacteria,Bacteroidetes,Gammaproteobacteria,Burkholderiales,Lactobacillaceae,Lactobacillus,GUA51,686
OTU_295,Bacteria,Bacteroidetes,Bacteroidia,Burkholderiales,Bacteroidaceae,Actinomyces,GUA67,798
OTU_298,Bacteria,Bacteroidetes,Gammaproteobacteria,Bacillales,Enterobacteriaceae,Lactobacillus,GUA59,756
OTU_30,Bacteria,Bacteroidetes,Actinobacteria,Rhizobiales,Lactobacillaceae,Lactobacillus,GUA59,833
OTU_301,Bacteria,Bacteroidetes,Bacteroidia,Flavobacteriales,Enterobacteriaceae,Escherichia,GUA22,299
OTU_304,Bacteria,Bacteroidetes,Bacilli,NA,Enterobacteriaceae,Actinomyces,GUA26,412
OTU_305,Bacteria,Bacteroidetes,Actinobacteria,Enterobacterales,Enterobacteriaceae,Lactobacillus,GUA74,948
OTU_308,Bacteria,Bacteroidetes,Gammaproteobacteria,Bacillales,Actinomycetaceae,Actinomyces,GUA64,822
OTU_311,Bacteria,Bacteroidetes,Bacteroidia,Flavobacteriales,Bacteroidaceae,Bacteroides,GUA56,759
OTU_314,Bacteria,Bacteroidetes,Actinobacteria,NA,Actinomycetaceae,Escherichia,GUA18,328
OTU_318,Bacteria,Bacteroidetes,Bacilli,Rhizobiales,Bacteroidaceae,Escherichia,GUA15,217
OTU_330,Bacteria,Bacteroidetes,Gammaproteobacteria,Flavobacteriales,Lactobacillaceae,Lactobacillus,GUA63,866
OTU_334,Bacteria,Bacteroidetes,Bacteroidia,NA,Actinomycetaceae,Lactobacillus,GUA36,420
OTU_339,Bacteria,Bacteroidetes,Bacteroidia,Pseudomonadales,Lactobacillaceae,Actinomyces,GUA18,243
OTU_348,Bacteria,Bacteroidetes,Bacilli,Bacillales,Bacteroidaceae,Escherichia,GUA29,403
OTU_352,Bacteria,Bacteroidetes,Bacteroidia,Pseudomonadales,Actinomycetaceae,Escherichia,GUA26,286
OTU_357,Bacteria,Bacteroidetes,Actinobacteria,Flavobacteriales,Actinomycetaceae,Lactobacillus,GUA12,113
OTU_36,Bacteria,Bacteroidetes,Actinobacteria,Actinomycetales,Lactobacillaceae,Bacteroides,GUA02,1
OTU_360,Bacteria,Bacteroidetes,Bacilli,Actinomycetales,Bacteroidaceae,Actinomyces,GUA19,265
OTU_364,Bacteria,Bacteroidetes,Bacteroidia,NA,Actinomycetaceae,Bacteroides,GUA57,688
OTU_367,Bacteria,Bacteroidetes,Gammaproteobacteria,Actinomycetales,Bacteroidaceae,Lactobacillus,GUA47,595
OTU_368,Bacteria,Bacteroidetes,Bacteroidia,Burkholderiales,Enterobacteriaceae,Actinomyces,GUA56,698
OTU_372,Bacteria,Bacteroidetes,Bacilli,NA,Lactobacillaceae,Actinomyces,GUA52,631
OTU_377,Bacteria,Bacteroidetes,Gammaproteobacteria,Enterobacterales,Enterobacteriaceae,Escherichia,GUA28,313
OTU_378,Bacteria,Bacteroidetes,Actinobacteria,NA,Bacteroidaceae,Actinomyces,GUA50,746
OTU_380,Bacteria,Bacteroidetes,Gammaproteobacteria,NA,Actinomycetaceae,Lactobacillus,GUA67,878
OTU_386,Bacteria,Bacteroidetes,Actinobacteria,Actinomycetales,Bacteroidaceae,Bacteroides,GUA32,482
OTU_389,Bacteria,Bacteroidetes,Bacteroidia,Bacillales,Lactobacillaceae,Lactobacillus,GUA05,1
OTU_39,Bacteria,Bacteroidetes,Bacilli,Flavobacteriales,Enterobacteriaceae,Escherichia,GUA59,789
OTU_392,Bacteria,Bacteroidetes,Actinobacteria,NA,Bacteroidaceae,Escherichia,GUA19,228
OTU_393,Bacteria,Bacteroidetes,Bacteroidia,NA,Lactobacillaceae,Bacteroides,GUA30,384
OTU_395,Bacteria,Bacteroidetes,Bacteroidia,Rhizobiales,Bacteroidaceae,Escherichia,GUA09,147
OTU_397,Bacteria,Bacteroidetes,Bacilli,NA,Lactobacillaceae,Lactobacillus,GUA13,163
OTU_399,Bacteria,Bacteroidetes,Gammaproteobacteria,NA,Actinomycetaceae,Bacteroides,GUA72,1036
OTU_40,Bacteria,Bacteroidetes,Gammaproteobacteria,Pseudomonadales,Enterobacteriaceae,Bacteroides,GUA64,848
OTU_401,Bacteria,Bacteroidetes,Gammaproteobacteria,NA,Bacteroidaceae,Escherichia,GUA03,66
OTU_406,Bacteria,Bacteroidetes,Actinobacteria,NA,Lactobacillaceae,Lactobacillus,GUA67,933
OTU_407,Bacteria,Bacteroidetes,Bacilli,Enterobacterales,Lactobacillaceae,Bacteroides,GUA03,18
OTU_415,Bacteria,Bacteroidetes,Bacteroidia,NA,Bacteroidaceae,Escherichia,GUA49,636
OTU_419,Bacteria,Bacteroidetes,Gammaproteobacteria,NA,Lactobacillaceae,Bacteroides,GUA37,533
OTU_444,Bacteria,Bacteroidetes,Bacteroidia,NA,Enterobacteriaceae,Bacteroides,GUA11,135
OTU_456,Bacteria,Bacteroidetes,Bacteroidia,NA,Lactobacillaceae,Actinomyces,GUA54,723
OTU_457,Bacteria,Bacteroidetes,Actinobacteria,NA,Lactobacillaceae,Bacteroides,GUA68,887
OTU_460,Bacteria,Bacteroidetes,Actinobacteria,NA,Actinomycetaceae,Escherichia,GUA72,996
OTU_461,Bacteria,Bacteroidetes,Bacteroidia,Pseudomonadales,Actinomycetaceae,Actinomyces,GUA52,732
OTU_464,Bacteria,Bacteroidetes,Actinobacteria,Rhizobiales,Actinomycetaceae,Escherichia,GUA33,466
OTU_469,Bacteria,Bacteroidetes,Bacteroidia,Actinomycetales,Lactobacillaceae,Lactobacillus,GUA49,617
OTU_472,Bacteria,Bacteroidetes,Bacteroidia,NA,Actinomycetaceae,Escherichia,GUA37,549
OTU_473,Bacteria,Bacteroidetes,Bacilli,Enterobacterales,Lactobacillaceae,Escherichia,GUA52,689
OTU_474,Bacteria,Bacteroidetes,Actinobacteria,Actinomycetales,Lactobacillaceae,Escherichia,GUA81,887
OTU_476,Bacteria,Bacteroidetes,Actinobacteria,NA,Lactobacillaceae,Escherichia,GUA41,646
OTU_477,Bacteria,Bacteroidetes,Bacteroidia,Enterobacterales,Actinomycetaceae,Bacteroides,GUA29,510
OTU_478,Bacteria,Bacteroidetes,Actinobacteria,NA,Lactobacillaceae,Bacteroides,GUA65,868
OTU_487,Bacteria,Bacteroidetes,Gammaproteobacteria,Enterobacterales,Enterobacteriaceae,Bacteroides,GUA16,251
OTU_489,Bacteria,Bacteroidetes,Bacilli,NA,Bacteroidaceae,Escherichia,GUA42,556
OTU_490,Bacteria,Bacteroidetes,Gammaproteobacteria,NA,Bacteroidaceae,Bacteroides,GUA01,2
OTU_491,Bacteria,Bacteroidetes,Bacteroidia,NA,Actinomycetaceae,Actinomyces,GUA27,323
OTU_495,Bacteria,Bacteroidetes,Bacilli,Flavobacteriales,Actinomycetaceae,Bacteroides,GUA42,567
OTU_496,Bacteria,Bacteroidetes,Bacilli,Flavobacteriales,Enterobacteriaceae,Escherichia,GUA22,288
OTU_498,Bacteria,Bacteroidetes,Bacteroidia,Actinomycetales,Bacteroidaceae,Bacteroides,GUA66,879
OTU_5,Bacteria,Bacteroidetes,Actinobacteria,Rhizobiales,Lactobacillaceae,Bacteroides,GUA01,5
OTU_50,Bacteria,Bacteroidetes,Bacilli,Rhizobiales,Bacteroidaceae,Escherichia,GUA34,437
OTU_501,Bacteria,Bacteroidetes,Gammaproteobacteria,Actinomycetales,Enterobacteriaceae,Lactobacillus,GUA33,474
OTU_502,Bacteria,Bacteroidetes,Bacilli,NA,Bacteroidaceae,Lactobacillus,GUA07,122
OTU_503,Bacteria,Bacteroidetes,Bacilli,Pseudomonadales,Lactobacillaceae,Bacteroides,GUA68,826
OTU_506,Bacteria,Bacteroidetes,Bacilli,Rhizobiales,Bacteroidaceae,Lactobacillus,GUA64,859
OTU_512,Bacteria,Bacteroidetes,Actinobacteria,Rhizobiales,Lactobacillaceae,Bacteroides,GUA16,263
OTU_517,Bacteria,Bacteroidetes,Actinobacteria,Bacillales,Enterobacteriaceae,Escherichia,GUA58,741
OTU_52,Bacteria,Bacteroidetes,Actinobacteria,Flavobacteriales,Enterobacteriaceae,Actinomyces,GUA11,129
OTU_522,Bacteria,Bacteroidetes,Actinobacteria,NA,Bacteroidaceae,Escherichia,GUA32,510
OTU_525,Bacteria,Bacteroidetes,Gammaproteobacteria,Enterobacterales,Enterobacteriaceae,Actinomyces,GUA66,830
OTU_527,Bacteria,Bacteroidetes,Bacilli,NA,Lactobacillaceae,Bacteroides,GUA07,73
OTU_53,Bacteria,Bacteroidetes,Gammaproteobacteria,Pseudomonadales,Bacteroidaceae,Lactobacillus,GUA69,770
OTU_536,Bacteria,Bacteroidetes,Bacilli,NA,Enterobacteriaceae,Actinomyces,GUA62,931
OTU_54,Bacteria,Bacteroidetes,Gammaproteobacteria,Rhizobiales,Bacteroidaceae,Escherichia,GUA45,648
OTU_545,Bacteria,Bacteroidetes,Actinobacteria,Bacillales,Enterobacteriaceae,Escherichia,GUA28,340
OTU_556,Bacteria,Bacteroidetes,Gammaproteobacteria,NA,Lactobacillaceae,Actinomyces,GUA16,230
OTU_559,Bacteria,Bacteroidetes,Gammaproteobacteria,NA,Enterobacteriaceae,Bacteroides,GUA16,272
OTU_56,Bacteria,Bacteroidetes,Bacteroidia,Actinomycetales,Enterobacteriaceae,Lactobacillus,GUA09,99
OTU_565,Bacteria,Bacteroidetes,Actinobacteria,Pseudomonadales,Bacteroidaceae,Lactobacillus,GUA07,185
OTU_566,Bacteria,Bacteroidetes,Bacteroidia,NA,Enterobacteriaceae,Actinomyces,GUA14,139
OTU_568,Bacteria,Bacteroidetes,Gammaproteobacteria,NA,Enterobacteriaceae,Escherichia,GUA06,73
OTU_582,Bacteria,Bacteroidetes,Bacteroidia,Pseudomonadales,Actinomycetaceae,Bacteroides,GUA42,571
OTU_583,Bacteria,Bacteroidetes,Bacteroidia,Bacillales,Lactobacillaceae,Escherichia,GUA63,783
OTU_584,Bacteria,Bacteroidetes,Bacteroidia,Rhizobiales,Lactobacillaceae,Lactobacillus,GUA27,315
OTU_585,Bacteria,Bacteroidetes,Gammaproteobacteria,NA,Bacteroidaceae,Actinomyces,GUA47,615
OTU_586,Bacteria,Bacteroidetes,Bacteroidia,Enterobacterales,Bacteroidaceae,Bacteroides,GUA02,27
OTU_592,Bacteria,Bacteroidetes,Actinobacteria,Pseudomonadales,Enterobacteriaceae,Actinomyces,GUA68,890
OTU_595,Bacteria,Bacteroidetes,Actinobacteria,Flavobacteriales,Bacteroidaceae,Escherichia,GUA24,235
OTU_599,Bacteria,Bacteroidetes,Bacteroidia,NA,Actinomycetaceae,Escherichia,GUA05,50
OTU_613,Bacteria,Bacteroidetes,Gammaproteobacteria,NA,Bacteroidaceae,Bacteroides,GUA60,692
OTU_614,Bacteria,Bacteroidetes,Actinobacteria,Actinomycetales,Bacteroidaceae,Escherichia,GUA63,831
OTU_617,Bacteria,Bacteroidetes,Gammaproteobacteria,Actinomycetales,Bacteroidaceae,Escherichia,GUA31,428
OTU_621,Bacteria,Bacteroidetes,Bacilli,Burkholderiales,Actinomycetaceae,Escherichia,GUA25,288
OTU_624,Bacteria,Bacteroidetes,Actinobacteria,NA,Bacteroidaceae,Actinomyces,GUA44,664
OTU_626,Bacteria,Bacteroidetes,Bacilli,NA,Actinomycetaceae,Escherichia,GUA28,402
OTU_629,Bacteria,Bacteroidetes,Actinobacteria,Flavobacteriales,Enterobacteriaceae,Bacteroides,GUA20,228
OTU_630,Bacteria,Bacteroidetes,Gammaproteobacteria,NA,Enterobacteriaceae,Bacteroides,GUA68,890
OTU_631,Bacteria,Bacteroidetes,Actinobacteria,NA,Enterobacteriaceae,Actinomyces,GUA15,150
OTU_635,Bacteria,Bacteroidetes,Actinobacteria,NA,Lactobacillaceae,Escherichia,GUA05,93
OTU_639,Bacteria,Bacteroidetes,Gammaproteobacteria,Bacillales,Actinomycetaceae,Escherichia,GUA69,1045
OTU_642,Bacteria,Bacteroidetes,Gammaproteobacteria,Burkholderiales,Bacteroidaceae,Lactobacillus,GUA53,650
OTU_646,Bacteria,Bacteroidetes,Gammaproteobacteria,NA,Actinomycetaceae,Escherichia,GUA50,695
OTU_647,Bacteria,Bacteroidetes,Actinobacteria,Burkholderiales,Enterobacteriaceae,Escherichia,GUA64,797
OTU_649,Bacteria,Bacteroidetes,Gammaproteobacteria,Flavobacteriales,Enterobacteriaceae,Escherichia,GUA22,317
OTU_673,Bacteria,Bacteroidetes,Bacilli,Actinomycetales,Enterobacteriaceae,Bacteroides,GUA69,921
OTU_674,Bacteria,Bacteroidetes,Bacilli,NA,Lactobacillaceae,Actinomyces,GUA15,241
OTU_675,Bacteria,Bacteroidetes,Gammaproteobacteria,NA,Bacteroidaceae,Lactobacillus,GUA66,941
OTU_678,Bacteria,Bacteroidetes,Bacilli,NA,Bacteroidaceae,Lactobacillus,GUA05,1
OTU_680,Bacteria,Bacteroidetes,Actinobacteria,Pseudomonadales,Actinomycetaceae,Lactobacillus,GUA70,895
OTU_682,Bacteria,Bacteroidetes,Bacilli,Actinomycetales,Actinomycetaceae,Bacteroides,GUA50,632
OTU_683,Bacteria,Bacteroidetes,Bacilli,Flavobacteriales,Enterobacteriaceae,Lactobacillus,GUA16,285
OTU_685,Bacteria,Bacteroidetes,Bacilli,Bacillales,Enterobacteriaceae,Actinomyces,GUA40,504
OTU_687,Bacteria,Bacteroidetes,Gammaproteobacteria,NA,Lactobacillaceae,Lactobacillus,GUA13,249
OTU_688,Bacteria,Bacteroidetes,Bacteroidia,NA,Lactobacillaceae,Escherichia,GUA25,306
OTU_689,Bacteria,Bacteroidetes,Gammaproteobacteria,Rhizobiales,Bacteroidaceae,Escherichia,GUA28,359
OTU_693,Bacteria,Bacteroidetes,Gammaproteobacteria,NA,Enterobacteriaceae,Actinomyces,GUA68,830
OTU_695,Bacteria,Bacteroidetes,Bacilli,Flavobacteriales,Lactobacillaceae,Bacteroides,GUA05,73
OTU_699,Bacteria,Bacteroidetes,Actinobacteria,Actinomycetales,Lactobacillaceae,Actinomyces,GUA20,215
OTU_701,Bacteria,Bacteroidetes,Actinobacteria,NA,Bacteroidaceae,Actinomyces,GUA51,547
OTU_705,Bacteria,Bacteroidetes,Actinobacteria,NA,Actinomycetaceae,Escherichia,GUA19,218
OTU_72,Bacteria,Bacteroidetes,Gammaproteobacteria,Actinomycetales,Actinomycetaceae,Escherichia,GUA81,914
OTU_73,Bacteria,Bacteroidetes,Actinobacteria,NA,Actinomycetaceae,Lactobacillus,GUA63,833
OTU_74,Bacteria,Bacteroidetes,Gammaproteobacteria,NA,Actinomycetaceae,Bacteroides,GUA37,499
OTU_81,Bacteria,Bacteroidetes,Bacteroidia,NA,Lactobacillaceae,Actinomyces,GUA58,788
OTU_86,Bacteria,Bacteroidetes,Bacteroidia,NA,Enterobacteriaceae,Actinomyces,GUA49,579
OTU_90,Bacteria,Bacteroidetes,Bacilli,NA,Bacteroidaceae,Escherichia,GUA66,929
OTU_98,Bacteria,Bacteroidetes,Gammaproteobacteria,NA,Actinomycetaceae,Bacteroides,GUA07,69
OTU_11,Bacteria,Firmicutes,Gammaproteobacteria,Bacillales,Lactobacillaceae,Escherichia,GUA35,496
OTU_112,Bacteria,Firmicutes,Gammaproteobacteria,Enterobacterales,Lactobacillaceae,Actinomyces,GUA47,505
OTU_113,Bacteria,Firmicutes,Actinobacteria,Enterobacterales,Lactobacillaceae,Lactobacillus,GUA08,108
OTU_116,Bacteria,Firmicutes,Actinobacteria,Bacillales,Lactobacillaceae,Actinomyces,GUA73,929
OTU_120,Bacteria,Firmicutes,Gammaproteobacteria,Pseudomonadales,Lactobacillaceae,Actinomyces,GUA67,828
OTU_124,Bacteria,Firmicutes,Bacteroidia,NA,Bacteroidaceae,Bacteroides,GUA22,290
OTU_13,Bacteria,Firmicutes,Bacteroidia,Actinomycetales,Enterobacteriaceae,Actinomyces,GUA10,102
OTU_134,Bacteria,Firmicutes,Gammaproteobacteria,Actinomycetales,Enterobacteriaceae,Escherichia,GUA62,820
OTU_135,Bacteria,Firmicutes,Bacteroidia,NA,Bacteroidaceae,Escherichia,GUA74,999
OTU_14,Bacteria,Firmicutes,Bacteroidia,NA,Actinomycetaceae,Escherichia,GUA10,68
OTU_154,Bacteria,Firmicutes,Bacteroidia,NA,Lactobacillaceae,Escherichia,GUA34,521
OTU_160,Bacteria,Firmicutes,Bacteroidia,Bacillales,Actinomycetaceae,Escherichia,GUA73,897
OTU_162,Bacteria,Firmicutes,Actinobacteria,Bacillales,Enterobacteriaceae,Lactobacillus,GUA07,40
OTU_169,Bacteria,Firmicutes,Gammaproteobacteria,NA,Enterobacteriaceae,Bacteroides,GUA37,502
OTU_17,Bacteria,Firmicutes,Bacteroidia,Actinomycetales,Lactobacillaceae,Actinomyces,GUA28,389
OTU_170,Bacteria,Firmicutes,Bacteroidia,NA,Lactobacillaceae,Escherichia,GUA59,795
OTU_175,Bacteria,Firmicutes,Actinobacteria,Burkholderiales,Bacteroidaceae,Escherichia,GUA66,872
OTU_180,Bacteria,Firmicutes,Bacilli,NA,Actinomycetaceae,Bacteroides,GUA16,233
OTU_187,Bacteria,Firmicutes,Bacteroidia,Flavobacteriales,Bacteroidaceae,Escherichia,GUA45,681
OTU_190,Bacteria,Firmicutes,Gammaproteobacteria,Pseudomonadales,Lactobacillaceae,Actinomyces,GUA54,800
OTU_192,Bacteria,Firmicutes,Actinobacteria,Enterobacterales,Bacteroidaceae,Escherichia,GUA40,640
OTU_193,Bacteria,Firmicutes,Bacteroidia,NA,Lactobacillaceae,Bacteroides,GUA31,438
OTU_204,Bacteria,Firmicutes,Gammaproteobacteria,Actinomycetales,Actinomycetaceae,Lactobacillus,GUA37,490
OTU_213,Bacteria,Firmicutes,Actinobacteria,Enterobacterales,Bacteroidaceae,Lactobacillus,GUA30,401
OTU_214,Bacteria,Firmicutes,Bacilli,NA,Lactobacillaceae,Escherichia,GUA19,302
OTU_216,Bacteria,Firmicutes,Actinobacteria,Flavobacteriales,Enterobacteriaceae,Bacteroides,GUA81,1017
OTU_22,Bacteria,Firmicutes,Bacilli,Pseudomonadales,Lactobacillaceae,Bacteroides,GUA65,942
OTU_222,Bacteria,Firmicutes,Bacteroidia,NA,Actinomycetaceae,Bacteroides,GUA65,913
OTU_225,Bacteria,Firmicutes,Actinobacteria,Burkholderiales,Actinomycetaceae,Escherichia,GUA81,924
OTU_228,Bacteria,Firmicutes,Bacteroidia,Actinomycetales,Bacteroidaceae,Bacteroides,GUA74,987
OTU_236,Bacteria,Firmicutes,Bacilli,NA,Lactobacillaceae,Actinomyces,GUA59,758
OTU_238,Bacteria,Firmicutes,Bacilli,Flavobacteriales,Actinomycetaceae,Actinomyces,GUA12,158
OTU_252,Bacteria,Firmicutes,Actinobacteria,Rhizobiales,Bacteroidaceae,Lactobacillus,GUA69,1003
OTU_254,Bacteria,Firmicutes,Actinobacteria,NA,Bacteroidaceae,Bacteroides,GUA17,201
OTU_261,Bacteria,Firmicutes,Actinobacteria,Burkholderiales,Actinomycetaceae,Escherichia,GUA67,883
OTU_272,Bacteria,Firmicutes,Bacilli,NA,Bacteroidaceae,Lactobacillus,GUA66,803
OTU_273,Bacteria,Firmicutes,Bacilli,NA,Enterobacteriaceae,Lactobacillus,GUA08,122
OTU_275,Bacteria,Firmicutes,Bacilli,Flavobacteriales,Enterobacteriaceae,Escherichia,GUA69,968
OTU_276,Bacteria,Firmicutes,Bacteroidia,Pseudomonadales,Enterobacteriaceae,Escherichia,GUA33,502
OTU_277,Bacteria,Firmicutes,Bacteroidia,NA,Lactobacillaceae,Actinomyces,GUA07,37
OTU_281,Bacteria,Firmicutes,Bacilli,Enterobacterales,Enterobacteriaceae,Bacteroides,GUA13,292
OTU_283,Bacteria,Firmicutes,Bacilli,Bacillales,Actinomycetaceae,Lactobacillus,GUA23,270
OTU_284,Bacteria,Firmicutes,Bacteroidia,Flavobacteriales,Bacteroidaceae,Lactobacillus,GUA39,643
OTU_293,Bacteria,Firmicutes,Gammaproteobacteria,Pseudomonadales,Actinomycetaceae,Lactobacillus,GUA42,484
OTU_3,Bacteria,Firmicutes,Actinobacteria,Pseudomonadales,Bacteroidaceae,Actinomyces,GUA30,437
OTU_303,Bacteria,Firmicutes,Actinobacteria,Burkholderiales,Bacteroidaceae,Lactobacillus,GUA25,338
OTU_307,Bacteria,Firmicutes,Actinobacteria,Flavobacteriales,Actinomycetaceae,Actinomyces,GUA43,602
OTU_32,Bacteria,Firmicutes,Actinobacteria,Enterobacterales,Lactobacillaceae,Bacteroides,GUA55,681
OTU_320,Bacteria,Firmicutes,Bacteroidia,Bacillales,Enterobacteriaceae,Lactobacillus,GUA40,595
OTU_322,Bacteria,Firmicutes,Gammaproteobacteria,Flavobacteriales,Enterobacteriaceae,Lactobacillus,GUA08,189
OTU_323,Bacteria,Firmicutes,Actinobacteria,Actinomycetales,Enterobacteriaceae,Actinomyces,GUA01,1
OTU_324,Bacteria,Firmicutes,Bacilli,Bacillales,Enterobacteriaceae,Actinomyces,GUA57,744
OTU_326,Bacteria,Firmicutes,Gammaproteobacteria,Flavobacteriales,Actinomycetaceae,Escherichia,GUA21,324
OTU_333,Bacteria,Firmicutes,Gammaproteobacteria,Pseudomonadales,Lactobacillaceae,Lactobacillus,GUA06,1
OTU_335,Bacteria,Firmicutes,Bacilli,Rhizobiales,Bacteroidaceae,Actinomyces,GUA09,175
OTU_340,Bacteria,Firmicutes,Actinobacteria,Bacillales,Lactobacillaceae,Actinomyces,GUA51,730
OTU_341,Bacteria,Firmicutes,Actinobacteria,NA,Bacteroidaceae,Escherichia,GUA29,377
OTU_342,Bacteria,Firmicutes,Bacilli,NA,Bacteroidaceae,Actinomyces,GUA59,760
OTU_345,Bacteria,Firmicutes,Gammaproteobacteria,NA,Bacteroidaceae,Escherichia,GUA26,319
OTU_346,Bacteria,Firmicutes,Bacteroidia,Rhizobiales,Bacteroidaceae,Actinomyces,GUA55,707
OTU_35,Bacteria,Firmicutes,Gammaproteobacteria,Burkholderiales,Enterobacteriaceae,Bacteroides,GUA50,586
OTU_354,Bacteria,Firmicutes,Gammaproteobacteria,NA,Enterobacteriaceae,Escherichia,GUA47,616
OTU_355,Bacteria,Firmicutes,Gammaproteobacteria,Actinomycetales,Lactobacillaceae,Escherichia,GUA48,560
OTU_371,Bacteria,Firmicutes,Actinobacteria,Enterobacterales,Bacteroidaceae,Bacteroides,GUA67,961
OTU_375,Bacteria,Firmicutes,Actinobacteria,Enterobacterales,Lactobacillaceae,Lactobacillus,GUA48,660
OTU_382,Bacteria,Firmicutes,Bacteroidia,Flavobacteriales,Lactobacillaceae,Lactobacillus,GUA81,1078
OTU_390,Bacteria,Firmicutes,Bacilli,Bacillales,Bacteroidaceae,Actinomyces,GUA50,647
OTU_391,Bacteria,Firmicutes,Gammaproteobacteria,Actinomycetales,Lactobacillaceae,Lactobacillus,GUA67,866
OTU_396,Bacteria,Firmicutes,Bacilli,NA,Actinomycetaceae,Actinomyces,GUA67,807
OTU_4,Bacteria,Firmicutes,Bacteroidia,NA,Actinomycetaceae,Bacteroides,GUA21,223
OTU_405,Bacteria,Firmicutes,Actinobacteria,NA,Bacteroidaceae,Bacteroides,GUA49,601
OTU_408,Bacteria,Firmicutes,Bacilli,NA,Bacteroidaceae,Bacteroides,GUA34,461
OTU_417,Bacteria,Firmicutes,Bacteroidia,NA,Enterobacteriaceae,Actinomyces,GUA62,794
OTU_421,Bacteria,Firmicutes,Bacteroidia,Flavobacteriales,Enterobacteriaceae,Lactobacillus,GUA20,299
OTU_422,Bacteria,Firmicutes,Bacteroidia,Burkholderiales,Lactobacillaceae,Bacteroides,GUA21,344
OTU_426,Bacteria,Firmicutes,Gammaproteobacteria,Actinomycetales,Lactobacillaceae,Actinomyces,GUA08,20
OTU_427,Bacteria,Firmicutes,Actinobacteria,Rhizobiales,Bacteroidaceae,Actinomyces,GUA51,629
OTU_428,Bacteria,Firmicutes,Bacteroidia,Rhizobiales,Bacteroidaceae,Bacteroides,GUA64,788
OTU_43,Bacteria,Firmicutes,Bacteroidia,Enterobacterales,Lactobacillaceae,Bacteroides,GUA80,958
OTU_430,Bacteria,Firmicutes,Gammaproteobacteria,NA,Enterobacteriaceae,Escherichia,GUA34,499
OTU_431,Bacteria,Firmicutes,Actinobacteria,NA,Actinomycetaceae,Lactobacillus,GUA19,251
OTU_432,Bacteria,Firmicutes,Bacilli,NA,Actinomycetaceae,Bacteroides,GUA38,636
OTU_435,Bacteria,Firmicutes,Bacilli,Enterobacterales,Bacteroidaceae,Escherichia,GUA44,547
OTU_438,Bacteria,Firmicutes,Gammaproteobacteria,NA,Enterobacteriaceae,Escherichia,GUA57,710
OTU_439,Bacteria,Firmicutes,Bacilli,Rhizobiales,Lactobacillaceae,Escherichia,GUA23,361
OTU_44,Bacteria,Firmicutes,Bacilli,Rhizobiales,Lactobacillaceae,Bacteroides,GUA07,140
OTU_441,Bacteria,Firmicutes,Actinobacteria,NA,Enterobacteriaceae,Escherichia,GUA04,98
OTU_446,Bacteria,Firmicutes,Bacilli,Bacillales,Actinomycetaceae,Lactobacillus,GUA48,582
OTU_449,Bacteria,Firmicutes,Actinobacteria,Flavobacteriales,Enterobacteriaceae,Bacteroides,GUA50,643
OTU_452,Bacteria,Firmicutes,Bacilli,Rhizobiales,Actinomycetaceae,Actinomyces,GUA07,97
OTU_455,Bacteria,Firmicutes,Actinobacteria,NA,Lactobacillaceae,Escherichia,GUA06,136
OTU_465,Bacteria,Firmicutes,Bacilli,NA,Actinomycetaceae,Bacteroides,GUA64,816
OTU_467,Bacteria,Firmicutes,Bacteroidia,NA,Actinomycetaceae,Lactobacillus,GUA40,514
OTU_48,Bacteria,Firmicutes,Bacteroidia,Pseudomonadales,Enterobacteriaceae,Actinomyces,GUA36,483
OTU_482,Bacteria,Firmicutes,Actinobacteria,NA,Lactobacillaceae,Actinomyces,GUA11,167
OTU_484,Bacteria,Firmicutes,Bacteroidia,NA,Bacteroidaceae,Escherichia,GUA61,847
OTU_494,Bacteria,Firmicutes,Actinobacteria,NA,Bacteroidaceae,Actinomyces,GUA34,451
OTU_497,Bacteria,Firmicutes,Bacteroidia,NA,Enterobacteriaceae,Actinomyces,GUA66,890
OTU_51,Bacteria,Firmicutes,Actinobacteria,Enterobacterales,Actinomycetaceae,Lactobacillus,GUA05,102
OTU_510,Bacteria,Firmicutes,Bacteroidia,NA,Actinomycetaceae,Bacteroides,GUA12,212
OTU_520,Bacteria,Firmicutes,Bacilli,NA,Enterobacteriaceae,Actinomyces,GUA18,290
OTU_534,Bacteria,Firmicutes,Actinobacteria,NA,Actinomycetaceae,Bacteroides,GUA34,440
OTU_535,Bacteria,Firmicutes,Actinobacteria,NA,Actinomycetaceae,Escherichia,GUA10,146
OTU_537,Bacteria,Firmicutes,Bacteroidia,NA,Actinomycetaceae,Bacteroides,GUA15,222
OTU_543,Bacteria,Firmicutes,Bacteroidia,NA,Bacteroidaceae,Actinomyces,GUA30,456
OTU_544,Bacteria,Firmicutes,Bacilli,Actinomycetales,Bacteroidaceae,Bacteroides,GUA52,643
OTU_549,Bacteria,Firmicutes,Bacteroidia,NA,Bacteroidaceae,Lactobacillus,GUA56,657
OTU_557,Bacteria,Firmicutes,Bacteroidia,NA,Enterobacteriaceae,Bacteroides,GUA73,943
OTU_558,Bacteria,Firmicutes,Bacilli,Flavobacteriales,Actinomycetaceae,Bacteroides,GUA01,1
OTU_561,Bacteria,Firmicutes,Bacteroidia,Bacillales,Lactobacillaceae,Actinomyces,GUA55,750
OTU_564,Bacteria,Firmicutes,Actinobacteria,NA,Lactobacillaceae,Lactobacillus,GUA65,789
OTU_567,Bacteria,Firmicutes,Actinobacteria,NA,Actinomycetaceae,Escherichia,GUA82,991
OTU_570,Bacteria,Firmicutes,Gammaproteobacteria,NA,Actinomycetaceae,Actinomyces,GUA09,105
OTU_576,Bacteria,Firmicutes,Gammaproteobacteria,Enterobacterales,Lactobacillaceae,Escherichia,GUA50,686
OTU_577,Bacteria,Firmicutes,Bacteroidia,Rhizobiales,Enterobacteriaceae,Bacteroides,GUA11,172
OTU_588,Bacteria,Firmicutes,Bacilli,Rhizobiales,Enterobacteriaceae,Bacteroides,GUA09,159
OTU_598,Bacteria,Firmicutes,Bacteroidia,Flavobacteriales,Lactobacillaceae,Lactobacillus,GUA28,414
OTU_603,Bacteria,Firmicutes,Bacilli,Enterobacterales,Actinomycetaceae,Actinomyces,GUA59,800
OTU_605,Bacteria,Firmicutes,Bacilli,Burkholderiales,Actinomycetaceae,Actinomyces,GUA05,128
OTU_606,Bacteria,Firmicutes,Actinobacteria,Flavobacteriales,Lactobacillaceae,Actinomyces,GUA27,460
OTU_61,Bacteria,Firmicutes,Gammaproteobacteria,NA,Actinomycetaceae,Escherichia,GUA51,734
OTU_615,Bacteria,Firmicutes,Bacteroidia,Rhizobiales,Enterobacteriaceae,Lactobacillus,GUA60,745
OTU_616,Bacteria,Firmicutes,Gammaproteobacteria,Enterobacterales,Lactobacillaceae,Lactobacillus,GUA42,602
OTU_618,Bacteria,Firmicutes,Gammaproteobacteria,Actinomycetales,Enterobacteriaceae,Escherichia,GUA70,902
OTU_62,Bacteria,Firmicutes,Bacteroidia,NA,Actinomycetaceae,Actinomyces,GUA33,415
OTU_638,Bacteria,Firmicutes,Bacteroidia,Actinomycetales,Bacteroidaceae,Bacteroides,GUA54,685
OTU_644,Bacteria,Firmicutes,Bacteroidia,Enterobacterales,Lactobacillaceae,Bacteroides,GUA16,236
OTU_645,Bacteria,Firmicutes,Gammaproteobacteria,Flavobacteriales,Lactobacillaceae,Escherichia,GUA37,519
OTU_65,Bacteria,Firmicutes,Gammaproteobacteria,Actinomycetales,Lactobacillaceae,Bacteroides,GUA70,932
OTU_652,Bacteria,Firmicutes,Actinobacteria,NA,Actinomycetaceae,Lactobacillus,GUA56,743
OTU_654,Bacteria,Firmicutes,Bacteroidia,Enterobacterales,Enterobacteriaceae,Bacteroides,GUA02,43
OTU_658,Bacteria,Firmicutes,Bacilli,NA,Lactobacillaceae,Lactobacillus,GUA60,704
OTU_66,Bacteria,Firmicutes,Gammaproteobacteria,NA,Enterobacteriaceae,Lactobacillus,GUA14,112
OTU_661,Bacteria,Firmicutes,Actinobacteria,Actinomycetales,Enterobacteriaceae,Lactobacillus,GUA47,619
OTU_662,Bacteria,Firmicutes,Actinobacteria,NA,Bacteroidaceae,Actinomyces,GUA63,805
OTU_664,Bacteria,Firmicutes,Actinobacteria,Enterobacterales,Bacteroidaceae,Actinomyces,GUA81,1005
OTU_666,Bacteria,Firmicutes,Actinobacteria,NA,Bacteroidaceae,Actinomyces,GUA81,948
OTU_667,Bacteria,Firmicutes,Bacilli,Rhizobiales,Actinomycetaceae,Bacteroides,GUA01,90
OTU_668,Bacteria,Firmicutes,Bacilli,Actinomycetales,Actinomycetaceae,Bacteroides,GUA48,605
OTU_669,Bacteria,Firmicutes,Bacteroidia,Actinomycetales,Lactobacillaceae,Actinomyces,GUA51,689
OTU_67,Bacteria,Firmicutes,Bacilli,Flavobacteriales,Enterobacteriaceae,Lactobacillus,GUA68,831
OTU_670,Bacteria,Firmicutes,Gammaproteobacteria,Actinomycetales,Enterobacteriaceae,Escherichia,GUA09,184
OTU_672,Bacteria,Firmicutes,Actinobacteria,NA,Lactobacillaceae,Lactobacillus,GUA45,645
OTU_679,Bacteria,Firmicutes,Actinobacteria,Enterobacterales,Lactobacillaceae,Actinomyces,GUA32,445
OTU_686,Bacteria,Firmicutes,Bacilli,NA,Enterobacteriaceae,Bacteroides,GUA45,593
OTU_694,Bacteria,Firmicutes,Actinobacteria,NA,Enterobacteriaceae,Escherichia,GUA48,519
OTU_696,Bacteria,Firmicutes,Bacilli,Enterobacterales,Lactobacillaceae,Lactobacillus,GUA51,647
OTU_70,Bacteria,Firmicutes,Actinobacteria,NA,Lactobacillaceae,Escherichia,GUA17,230
OTU_709,Bacteria,Firmicutes,Bacilli,NA,Actinomycetaceae,Actinomyces,GUA31,466
OTU_711,Bacteria,Firmicutes,Actinobacteria,NA,Actinomycetaceae,Escherichia,GUA23,238
OTU_714,Bacteria,Firmicutes,Actinobacteria,Pseudomonadales,Enterobacteriaceae,Bacteroides,GUA56,700
OTU_77,Bacteria,Firmicutes,Bacteroidia,Pseudomonadales,Actinomycetaceae,Actinomyces,GUA60,891
OTU_83,Bacteria,Firmicutes,Actinobacteria,NA,Actinomycetaceae,Actinomyces,GUA15,215
OTU_85,Bacteria,Firmicutes,Gammaproteobacteria,NA,Enterobacteriaceae,Actinomyces,GUA72,924
OTU_88,Bacteria,Firmicutes,Gammaproteobacteria,NA,Bacteroidaceae,Bacteroides,GUA23,326
OTU_89,Bacteria,Firmicutes,Actinobacteria,Flavobacteriales,Bacteroidaceae,Escherichia,GUA35,460
OTU_9,Bacteria,Firmicutes,Bacilli,Pseudomonadales,Enterobacteriaceae,Lactobacillus,GUA25,384
OTU_92,Bacteria,Firmicutes,Gammaproteobacteria,Actinomycetales,Enterobacteriaceae,Bacteroides,GUA55,669
OTU_95,Bacteria,Firmicutes,Bacteroidia,NA,Enterobacteriaceae,Escherichia,GUA37,452
OTU_107,Bacteria,Proteobacteria,Bacteroidia,NA,Enterobacteriaceae,Escherichia,GUA55,716
OTU_108,Bacteria,Proteobacteria,Bacilli,Rhizobiales,Actinomycetaceae,Actinomyces,GUA55,674
OTU_114,Bacteria,Proteobacteria,Bacilli,Rhizobiales,Enterobacteriaceae,Actinomyces,GUA69,904
OTU_115,Bacteria,Proteobacteria,Gammaproteobacteria,Bacillales,Lactobacillaceae,Bacteroides,GUA22,337
OTU_117,Bacteria,Proteobacteria,Gammaproteobacteria,NA,Bacteroidaceae,Actinomyces,GUA45,594
OTU_119,Bacteria,Proteobacteria,Bacilli,NA,Actinomycetaceae,Bacteroides,GUA35,463
OTU_127,Bacteria,Proteobacteria,Bacteroidia,Enterobacterales,Actinomycetaceae,Bacteroides,GUA54,632
OTU_133,Bacteria,Proteobacteria,Bacteroidia,Bacillales,Actinomycetaceae,Lactobacillus,GUA19,287
OTU_141,Bacteria,Proteobacteria,Actinobacteria,Flavobacteriales,Lactobacillaceae,Bacteroides,GUA47,646
OTU_143,Bacteria,Proteobacteria,Bacilli,NA,Bacteroidaceae,Escherichia,GUA25,303
OTU_145,Bacteria,Proteobacteria,Actinobacteria,Flavobacteriales,Lactobacillaceae,Lactobacillus,GUA42,473
OTU_148,Bacteria,Proteobacteria,Bacteroidia,Burkholderiales,Enterobacteriaceae,Lactobacillus,GUA51,749
OTU_150,Bacteria,Proteobacteria,Actinobacteria,NA,Lactobacillaceae,Escherichia,GUA68,880
OTU_153,Bacteria,Proteobacteria,Bacilli,Flavobacteriales,Actinomycetaceae,Bacteroides,GUA46,552
OTU_159,Bacteria,Proteobacteria,Bacteroidia,Actinomycetales,Actinomycetaceae,Lactobacillus,GUA07,85
OTU_16,Bacteria,Proteobacteria,Gammaproteobacteria,NA,Actinomycetaceae,Escherichia,GUA27,330
OTU_166,Bacteria,Proteobacteria,Bacteroidia,Flavobacteriales,Actinomycetaceae,Escherichia,GUA80,991
OTU_167,Bacteria,Proteobacteria,Bacteroidia,NA,Lactobacillaceae,Bacteroides,GUA23,352
OTU_168,Bacteria,Proteobacteria,Actinobacteria,Enterobacterales,Actinomycetaceae,Escherichia,GUA64,885
OTU_172,Bacteria,Proteobacteria,Bacteroidia,Flavobacteriales,Lactobacillaceae,Lactobacillus,GUA21,321
OTU_174,Bacteria,Proteobacteria,Gammaproteobacteria,Bacillales,Bacteroidaceae,Escherichia,GUA62,870
OTU_176,Bacteria,Proteobacteria,Bacteroidia,NA,Enterobacteriaceae,Lactobacillus,GUA19,253
OTU_178,Bacteria,Proteobacteria,Gammaproteobacteria,Flavobacteriales,Actinomycetaceae,Actinomyces,GUA70,920
OTU_179,Bacteria,Proteobacteria,Gammaproteobacteria,Enterobacterales,Enterobacteriaceae,Lactobacillus,GUA73,995
OTU_19,Bacteria,Proteobacteria,Bacilli,Bacillales,Actinomycetaceae,Bacteroides,GUA38,482
OTU_194,Bacteria,Proteobacteria,Bacteroidia,NA,Lactobacillaceae,Escherichia,GUA31,498
OTU_199,Bacteria,Proteobacteria,Actinobacteria,Actinomycetales,Lactobacillaceae,Escherichia,GUA11,112
OTU_20,Bacteria,Proteobacteria,Bacteroidia,Actinomycetales,Lactobacillaceae,Actinomyces,GUA43,567
OTU_218,Bacteria,Proteobacteria,Gammaproteobacteria,NA,Actinomycetaceae,Lactobacillus,GUA34,467
OTU_223,Bacteria,Proteobacteria,Actinobacteria,Rhizobiales,Lactobacillaceae,Actinomyces,GUA24,333
OTU_227,Bacteria,Proteobacteria,Bacteroidia,Pseudomonadales,Actinomycetaceae,Lactobacillus,GUA53,696
OTU_230,Bacteria,Proteobacteria,Bacteroidia,NA,Actinomycetaceae,Lactobacillus,GUA48,619
OTU_232,Bacteria,Proteobacteria,Bacilli,Pseudomonadales,Lactobacillaceae,Lactobacillus,GUA09,86
OTU_235,Bacteria,Proteobacteria,Bacteroidia,Pseudomonadales,Actinomycetaceae,Actinomyces,GUA50,615
OTU_239,Bacteria,Proteobacteria,Bacilli,Actinomycetales,Actinomycetaceae,Actinomyces,GUA09,102
OTU_24,Bacteria,Proteobacteria,Gammaproteobacteria,Enterobacterales,Enterobacteriaceae,Escherichia,GUA21,305
OTU_244,Bacteria,Proteobacteria,Bacteroidia,NA,Actinomycetaceae,Actinomyces,GUA27,324
OTU_245,Bacteria,Proteobacteria,Bacilli,Rhizobiales,Bacteroidaceae,Bacteroides,GUA46,667
OTU_25,Bacteria,Proteobacteria,Gammaproteobacteria,Actinomycetales,Actinomycetaceae,Actinomyces,GUA80,1001
OTU_250,Bacteria,Proteobacteria,Bacteroidia,Pseudomonadales,Lactobacillaceae,Lactobacillus,GUA47,686
OTU_251,Bacteria,Proteobacteria,Actinobacteria,NA,Enterobacteriaceae,Bacteroides,GUA49,683
OTU_255,Bacteria,Proteobacteria,Gammaproteobacteria,Flavobacteriales,Actinomycetaceae,Lactobacillus,GUA17,206
OTU_258,Bacteria,Proteobacteria,Bacteroidia,Flavobacteriales,Bacteroidaceae,Bacteroides,GUA72,907
OTU_259,Bacteria,Proteobacteria,Gammaproteobacteria,Flavobacteriales,Bacteroidaceae,Escherichia,GUA38,549
OTU_26,Bacteria,Proteobacteria,Bacilli,NA,Actinomycetaceae,Bacteroides,GUA61,801
OTU_263,Bacteria,Proteobacteria,Bacilli,NA,Actinomycetaceae,Lactobacillus,GUA33,519
OTU_264,Bacteria,Proteobacteria,Bacilli,NA,Lactobacillaceae,Bacteroides,GUA34,434
OTU_266,Bacteria,Proteobacteria,Actinobacteria,Actinomycetales,Bacteroidaceae,Lactobacillus,GUA01,38
OTU_278,Bacteria,Proteobacteria,Bacteroidia,Actinomycetales,Enterobacteriaceae,Bacteroides,GUA32,484
OTU_279,Bacteria,Proteobacteria,Gammaproteobacteria,NA,Actinomycetaceae,Bacteroides,GUA19,291
OTU_290,Bacteria,Proteobacteria,Bacteroidia,Pseudomonadales,Lactobacillaceae,Bacteroides,GUA70,916
OTU_294,Bacteria,Proteobacteria,Gammaproteobacteria,Rhizobiales,Bacteroidaceae,Bacteroides,GUA16,238
OTU_306,Bacteria,Proteobacteria,Bacteroidia,NA,Lactobacillaceae,Bacteroides,GUA13,157
OTU_313,Bacteria,Proteobacteria,Actinobacteria,Flavobacteriales,Bacteroidaceae,Actinomyces,GUA05,1
OTU_316,Bacteria,Proteobacteria,Bacilli,Pseudomonadales,Enterobacteriaceae,Actinomyces,GUA04,2
OTU_317,Bacteria,Proteobacteria,Bacteroidia,Rhizobiales,Bacteroidaceae,Bacteroides,GUA38,598
OTU_327,Bacteria,Proteobacteria,Bacteroidia,Rhizobiales,Enterobacteriaceae,Bacteroides,GUA49,612
OTU_328,Bacteria,Proteobacteria,Bacilli,Actinomycetales,Lactobacillaceae,Lactobacillus,GUA12,169
OTU_33,Bacteria,Proteobacteria,Bacteroidia,Enterobacterales,Lactobacillaceae,Lactobacillus,GUA57,755
OTU_331,Bacteria,Proteobacteria,Bacteroidia,Burkholderiales,Lactobacillaceae,Lactobacillus,GUA70,899
OTU_336,Bacteria,Proteobacteria,Bacilli,Actinomycetales,Bacteroidaceae,Escherichia,GUA74,1026
OTU_351,Bacteria,Proteobacteria,Actinobacteria,NA,Lactobacillaceae,Escherichia,GUA66,869
OTU_353,Bacteria,Proteobacteria,Actinobacteria,Burkholderiales,Enterobacteriaceae,Escherichia,GUA70,926
OTU_359,Bacteria,Proteobacteria,Bacilli,NA,Lactobacillaceae,Lactobacillus,GUA44,600
OTU_361,Bacteria,Proteobacteria,Bacteroidia,Pseudomonadales,Enterobacteriaceae,Escherichia,GUA55,675
OTU_363,Bacteria,Proteobacteria,Gammaproteobacteria,NA,Bacteroidaceae,Bacteroides,GUA20,287
OTU_37,Bacteria,Proteobacteria,Gammaproteobacteria,Pseudomonadales,Enterobacteriaceae,Escherichia,GUA67,851
OTU_370,Bacteria,Proteobacteria,Gammaproteobacteria,NA,Actinomycetaceae,Bacteroides,GUA56,647
OTU_373,Bacteria,Proteobacteria,Bacteroidia,NA,Actinomycetaceae,Lactobacillus,GUA39,494
OTU_376,Bacteria,Proteobacteria,Bacteroidia,Actinomycetales,Actinomycetaceae,Actinomyces,GUA58,725
OTU_38,Bacteria,Proteobacteria,Bacteroidia,Flavobacteriales,Enterobacteriaceae,Lactobacillus,GUA53,764
OTU_381,Bacteria,Proteobacteria,Bacilli,NA,Enterobacteriaceae,Lactobacillus,GUA16,189
OTU_383,Bacteria,Proteobacteria,Bacteroidia,NA,Actinomycetaceae,Bacteroides,GUA51,669
OTU_384,Bacteria,Proteobacteria,Gammaproteobacteria,Pseudomonadales,Lactobacillaceae,Bacteroides,GUA30,435
OTU_387,Bacteria,Proteobacteria,Bacteroidia,Flavobacteriales,Lactobacillaceae,Actinomyces,GUA57,717
OTU_388,Bacteria,Proteobacteria,Gammaproteobacteria,NA,Bacteroidaceae,Actinomyces,GUA47,695
OTU_398,Bacteria,Proteobacteria,Actinobacteria,NA,Lactobacillaceae,Actinomyces,GUA11,175
OTU_403,Bacteria,Proteobacteria,Bacilli,Enterobacterales,Actinomycetaceae,Actinomyces,GUA07,139
OTU_41,Bacteria,Proteobacteria,Bacteroidia,Actinomycetales,Enterobacteriaceae,Actinomyces,GUA15,242
OTU_410,Bacteria,Proteobacteria,Bacteroidia,NA,Bacteroidaceae,Bacteroides,GUA39,508
OTU_414,Bacteria,Proteobacteria,Bacteroidia,NA,Bacteroidaceae,Escherichia,GUA19,196
OTU_418,Bacteria,Proteobacteria,Actinobacteria,Actinomycetales,Enterobacteriaceae,Bacteroides,GUA30,465
OTU_42,Bacteria,Proteobacteria,Gammaproteobacteria,NA,Bacteroidaceae,Lactobacillus,GUA19,208
OTU_420,Bacteria,Proteobacteria,Bacteroidia,Bacillales,Actinomycetaceae,Actinomyces,GUA06,61
OTU_423,Bacteria,Proteobacteria,Gammaproteobacteria,Burkholderiales,Actinomycetaceae,Escherichia,GUA42,536
OTU_424,Bacteria,Proteobacteria,Actinobacteria,Enterobacterales,Lactobacillaceae,Actinomyces,GUA59,803
OTU_429,Bacteria,Proteobacteria,Bacilli,NA,Enterobacteriaceae,Lactobacillus,GUA06,48
OTU_433,Bacteria,Proteobacteria,Gammaproteobacteria,Flavobacteriales,Bacteroidaceae,Bacteroides,GUA17,281
OTU_436,Bacteria,Proteobacteria,Bacilli,NA,Lactobacillaceae,Lactobacillus,GUA01,1
OTU_442,Bacteria,Proteobacteria,Bacteroidia,Actinomycetales,Bacteroidaceae,Lactobacillus,GUA60,832
OTU_443,Bacteria,Proteobacteria,Actinobacteria,Enterobacterales,Actinomycetaceae,Actinomyces,GUA29,480
OTU_447,Bacteria,Proteobacteria,Actinobacteria,NA,Enterobacteriaceae,Bacteroides,GUA55,761
OTU_451,Bacteria,Proteobacteria,Gammaproteobacteria,Rhizobiales,Lactobacillaceae,Actinomyces,GUA29,340
OTU_454,Bacteria,Proteobacteria,Bacteroidia,NA,Lactobacillaceae,Lactobacillus,GUA21,329
OTU_458,Bacteria,Proteobacteria,Bacteroidia,NA,Lactobacillaceae,Actinomyces,GUA58,795
OTU_459,Bacteria,Proteobacteria,Bacilli,Enterobacterales,Enterobacteriaceae,Actinomyces,GUA80,969
OTU_463,Bacteria,Proteobacteria,Bacteroidia,NA,Actinomycetaceae,Bacteroides,GUA17,244
OTU_466,Bacteria,Proteobacteria,Bacilli,Actinomycetales,Actinomycetaceae,Lactobacillus,GUA41,487
OTU_47,Bacteria,Proteobacteria,Gammaproteobacteria,Flavobacteriales,Lactobacillaceae,Lactobacillus,GUA16,186
OTU_470,Bacteria,Proteobacteria,Bacilli,Actinomycetales,Bacteroidaceae,Actinomyces,GUA33,424
OTU_471,Bacteria,Proteobacteria,Bacteroidia,Actinomycetales,Enterobacteriaceae,Lactobacillus,GUA18,394
OTU_475,Bacteria,Proteobacteria,Bacteroidia,Burkholderiales,Lactobacillaceae,Escherichia,GUA04,1
OTU_479,Bacteria,Proteobacteria,Bacteroidia,Pseudomonadales,Lactobacillaceae,Actinomyces,GUA80,954
OTU_480,Bacteria,Proteobacteria,Bacteroidia,Flavobacteriales,Bacteroidaceae,Lactobacillus,GUA58,758
OTU_483,Bacteria,Proteobacteria,Actinobacteria,NA,Actinomycetaceae,Escherichia,GUA12,230
OTU_49,Bacteria,Proteobacteria,Actinobacteria,Bacillales,Lactobacillaceae,Actinomyces,GUA22,351
OTU_492,Bacteria,Proteobacteria,Actinobacteria,NA,Actinomycetaceae,Actinomyces,GUA46,656
OTU_493,Bacteria,Proteobacteria,Bacteroidia,Flavobacteriales,Bacteroidaceae,Bacteroides,GUA23,292
OTU_504,Bacteria,Proteobacteria,Gammaproteobacteria,Actinomycetales,Bacteroidaceae,Bacteroides,GUA06,45
OTU_511,Bacteria,Proteobacteria,Bacteroidia,NA,Bacteroidaceae,Bacteroides,GUA71,920
OTU_513,Bacteria,Proteobacteria,Gammaproteobacteria,Actinomycetales,Bacteroidaceae,Bacteroides,GUA58,788
OTU_514,Bacteria,Proteobacteria,Bacilli,NA,Actinomycetaceae,Bacteroides,GUA61,696
OTU_515,Bacteria,Proteobacteria,Gammaproteobacteria,NA,Enterobacteriaceae,Bacteroides,GUA17,265
OTU_516,Bacteria,Proteobacteria,Bacilli,Flavobacteriales,Enterobacteriaceae,Escherichia,GUA43,614
OTU_518,Bacteria,Proteobacteria,Actinobacteria,NA,Bacteroidaceae,Escherichia,GUA60,774
OTU_521,Bacteria,Proteobacteria,Bacteroidia,Rhizobiales,Lactobacillaceae,Bacteroides,GUA30,437
OTU_524,Bacteria,Proteobacteria,Bacteroidia,NA,Bacteroidaceae,Lactobacillus,GUA81,1077
OTU_528,Bacteria,Proteobacteria,Gammaproteobacteria,Actinomycetales,Lactobacillaceae,Actinomyces,GUA38,491
OTU_532,Bacteria,Proteobacteria,Gammaproteobacteria,NA,Enterobacteriaceae,Escherichia,GUA07,125
OTU_538,Bacteria,Proteobacteria,Gammaproteobacteria,Flavobacteriales,Lactobacillaceae,Bacteroides,GUA20,290
OTU_541,Bacteria,Proteobacteria,Gammaproteobacteria,Pseudomonadales,Actinomycetaceae,Bacteroides,GUA25,390
OTU_546,Bacteria,Proteobacteria,Actinobacteria,Bacillales,Enterobacteriaceae,Bacteroides,GUA54,735
OTU_548,Bacteria,Proteobacteria,Actinobacteria,NA,Lactobacillaceae,Bacteroides,GUA05,36
OTU_554,Bacteria,Proteobacteria,Actinobacteria,NA,Enterobacteriaceae,Actinomyces,GUA46,516
OTU_555,Bacteria,Proteobacteria,Actinobacteria,Burkholderiales,Enterobacteriaceae,Lactobacillus,GUA15,159
OTU_560,Bacteria,Proteobacteria,Bacteroidia,NA,Bacteroidaceae,Bacteroides,GUA40,505
OTU_562,Bacteria,Proteobacteria,Bacilli,NA,Bacteroidaceae,Lactobacillus,GUA55,677
OTU_563,Bacteria,Proteobacteria,Bacilli,NA,Enterobacteriaceae,Actinomyces,GUA54,676
OTU_57,Bacteria,Proteobacteria,Actinobacteria,Actinomycetales,Enterobacteriaceae,Bacteroides,GUA67,954
OTU_574,Bacteria,Proteobacteria,Bacteroidia,Bacillales,Bacteroidaceae,Escherichia,GUA59,764
OTU_575,Bacteria,Proteobacteria,Bacilli,NA,Lactobacillaceae,Escherichia,GUA24,367
OTU_579,Bacteria,Proteobacteria,Actinobacteria,NA,Enterobacteriaceae,Actinomyces,GUA47,532
OTU_580,Bacteria,Proteobacteria,Bacilli,Enterobacterales,Lactobacillaceae,Actinomyces,GUA46,547
OTU_59,Bacteria,Proteobacteria,Bacilli,NA,Enterobacteriaceae,Escherichia,GUA05,75
OTU_590,Bacteria,Proteobacteria,Gammaproteobacteria,Enterobacterales,Enterobacteriaceae,Lactobacillus,GUA19,317
OTU_593,Bacteria,Proteobacteria,Bacteroidia,Bacillales,Bacteroidaceae,Bacteroides,GUA66,894
OTU_597,Bacteria,Proteobacteria,Gammaproteobacteria,NA,Lactobacillaceae,Actinomyces,GUA66,966
OTU_60,Bacteria,Proteobacteria,Actinobacteria,Burkholderiales,Enterobacteriaceae,Escherichia,GUA58,800
OTU_601,Bacteria,Proteobacteria,Bacilli,Actinomycetales,Enterobacteriaceae,Actinomyces,GUA57,806
OTU_602,Bacteria,Proteobacteria,Bacilli,Pseudomonadales,Lactobacillaceae,Actinomyces,GUA32,467
OTU_610,Bacteria,Proteobacteria,Bacilli,NA,Enterobacteriaceae,Bacteroides,GUA03,145
OTU_612,Bacteria,Proteobacteria,Bacilli,Flavobacteriales,Lactobacillaceae,Lactobacillus,GUA42,547
OTU_620,Bacteria,Proteobacteria,Bacilli,NA,Actinomycetaceae,Bacteroides,GUA58,766
OTU_623,Bacteria,Proteobacteria,Bacteroidia,NA,Lactobacillaceae,Lactobacillus,GUA30,384
OTU_625,Bacteria,Proteobacteria,Gammaproteobacteria,Rhizobiales,Bacteroidaceae,Bacteroides,GUA37,528
OTU_627,Bacteria,Proteobacteria,Actinobacteria,Actinomycetales,Lactobacillaceae,Lactobacillus,GUA55,733
OTU_633,Bacteria,Proteobacteria,Bacilli,Actinomycetales,Enterobacteriaceae,Escherichia,GUA37,540
OTU_634,Bacteria,Proteobacteria,Actinobacteria,Pseudomonadales,Actinomycetaceae,Actinomyces,GUA65,764
OTU_636,Bacteria,Proteobacteria,Gammaproteobacteria,Burkholderiales,Enterobacteriaceae,Bacteroides,GUA27,308
OTU_64,Bacteria,Proteobacteria,Bacteroidia,NA,Bacteroidaceae,Lactobacillus,GUA27,389
OTU_641,Bacteria,Proteobacteria,Bacteroidia,NA,Bacteroidaceae,Actinomyces,GUA09,139
OTU_643,Bacteria,Proteobacteria,Bacilli,Enterobacterales,Enterobacteriaceae,Escherichia,GUA38,574
OTU_648,Bacteria,Proteobacteria,Bacteroidia,NA,Actinomycetaceae,Lactobacillus,GUA64,888
OTU_655,Bacteria,Proteobacteria,Actinobacteria,NA,Enterobacteriaceae,Lactobacillus,GUA33,484
OTU_656,Bacteria,Proteobacteria,Actinobacteria,NA,Actinomycetaceae,Lactobacillus,GUA22,430
OTU_657,Bacteria,Proteobacteria,Bacilli,NA,Bacteroidaceae,Lactobacillus,GUA31,496
OTU_663,Bacteria,Proteobacteria,Actinobacteria,NA,Enterobacteriaceae,Actinomyces,GUA22,223
OTU_671,Bacteria,Proteobacteria,Bacilli,NA,Enterobacteriaceae,Escherichia,GUA01,49
OTU_68,Bacteria,Proteobacteria,Gammaproteobacteria,NA,Lactobacillaceae,Lactobacillus,GUA21,316
OTU_681,Bacteria,Proteobacteria,Actinobacteria,Pseudomonadales,Lactobacillaceae,Lactobacillus,GUA32,458
OTU_69,Bacteria,Proteobacteria,Actinobacteria,NA,Lactobacillaceae,Lactobacillus,GUA61,885
OTU_690,Bacteria,Proteobacteria,Gammaproteobacteria,Flavobacteriales,Lactobacillaceae,Actinomyces,GUA70,919
OTU_691,Bacteria,Proteobacteria,Bacteroidia,Actinomycetales,Actinomycetaceae,Actinomyces,GUA10,122
OTU_71,Bacteria,Proteobacteria,Gammaproteobacteria,Rhizobiales,Lactobacillaceae,Actinomyces,GUA26,375
OTU_710,Bacteria,Proteobacteria,Bacteroidia,NA,Actinomycetaceae,Escherichia,GUA51,588
OTU_713,Bacteria,Proteobacteria,Bacteroidia,NA,Bacteroidaceae,Bacteroides,GUA23,296
OTU_76,Bacteria,Proteobacteria,Bacilli,NA,Enterobacteriaceae,Lactobacillus,GUA31,460
OTU_8,Bacteria,Proteobacteria,Bacilli,Rhizobiales,Bacteroidaceae,Escherichia,GUA80,1001
OTU_82,Bacteria,Proteobacteria,Bacilli,NA,Lactobacillaceae,Actinomyces,GUA63,799
OTU_87,Bacteria,Proteobacteria,Gammaproteobacteria,Enterobacterales,Bacteroidaceae,Escherichia,GUA33,562
OTU_93,Bacteria,Proteobacteria,Actinobacteria,Burkholderiales,Enterobacteriaceae,Bacteroides,GUA73,897
OTU_94,Bacteria,Proteobacteria,Bacteroidia,Rhizobiales,Lactobacillaceae,Actinomyces,GUA15,270
OTU_99,Bacteria,Proteobacteria,Bacteroidia,Bacillales,Enterobacteriaceae,Actinomyces,GUA81,908
