run,age_class,assay_type,avg_spot_len,bases,bd_status,bio_project,bio_sample,bio_sample_model,bytes,center_name,collection_date,collector_number,consent,datastore_filetype,datastore_provider,datastore_region,date,elevation,experiment,geo_loc_name_country,geo_loc_name_country_continent,geo_loc_name,geology,habitat,host,instrument,isolation_source,lat_lon,latitude,library_name,library_layout,library_selection,library_source,linker_primer_sequence,log_ze,longitude,mountain_range,organism,platform,release_date,reverse_primer,create_date,version,meta_sample_name,sex,site,sra_study,ze,total_otu_count
SRR8193360,adult,AMPLICON,600,44754600,Positive,PRJNA505069,SAMN10410543,Metagenome or environmental,32907319,SAN FRANCISCO STATE UNIVERSITY,10/26/2013,SMR2300,public,"fastq,run.zq,sra","s3,gs,ncbi","gs.us-east1,ncbi.public,s3.us-east-1",2013-10-26T00:00:00,2345,SRX5012846,Mexico,North America,Mexico: Motozintla,Ancient,Cloud_forest,Plectrohyla lacertosa,Illumina MiSeq,Skin swab,15.38686 N 92.32733 W,15.38686,GUA58,PAIRED,PCR,METAGENOMIC,CCTACGGGNGGCWGCAG,0.400019635,-92.32733,Sierra_Madre_Chiapas,skin metagenome,ILLUMINA,2018-12-03T00:00:00Z,GACTACHVGGGTATCTAATCC,2018-11-15T14:21:00Z,1,GUA58,male,Motozintla_3,SRP168824,1.512,NA
SRR8193361,adult,AMPLICON,600,38508000,Positive,PRJNA505069,SAMN10410547,Metagenome or environmental,28628320,SAN FRANCISCO STATE UNIVERSITY,10/26/2013,SMR2299,public,"sra,fastq,run.zq","gs,s3,ncbi","ncbi.public,s3.us-east-1,gs.us-east1",2013-10-26T00:00:00,2345,SRX5012845,Mexico,North America,Mexico: Motozintla,Ancient,Cloud_forest,Plectrohyla lacertosa,Illumina MiSeq,Skin swab,15.38686 N 92.32733 W,15.38686,GUA57,PAIRED,PCR,METAGENOMIC,CCTACGGGNGGCWGCAG,1.031812271,-92.32733,Sierra_Madre_Chiapas,skin metagenome,ILLUMINA,2018-12-03T00:00:00Z,GACTACHVGGGTATCTAATCC,2018-11-15T14:21:00Z,1,GUA57,male,Motozintla_3,SRP168824,9.76,NA
SRR8193362,adult,AMPLICON,600,46875600,Positive,PRJNA505069,SAMN10410553,Metagenome or environmental,34546146,SAN FRANCISCO STATE UNIVERSITY,10/26/2013,SMR2298,public,"sra,run.zq,fastq","ncbi,gs,s3","gs.us-east1,ncbi.public,s3.us-east-1",2013-10-26T00:00:00,2345,SRX5012844,Mexico,North America,Mexico: Motozintla,Ancient,Cloud_forest,Plectrohyla lacertosa,Illumina MiSeq,Skin swab,15.38686 N 92.32733 W,15.38686,GUA56,PAIRED,PCR,METAGENOMIC,CCTACGGGNGGCWGCAG,2.333245699,-92.32733,Sierra_Madre_Chiapas,skin metagenome,ILLUMINA,2018-12-03T00:00:00Z,GACTACHVGGGTATCTAATCC,2018-11-15T14:21:00Z,1,GUA56,male,Motozintla_3,SRP168824,214.4,NA
SRR8193363,subadult,AMPLICON,600,42774600,Negative,PRJNA505069,SAMN10410527,Metagenome or environmental,31424768,SAN FRANCISCO STATE UNIVERSITY,10/26/2013,SMR2297,public,"fastq,sra,run.zq","gs,ncbi,s3","ncbi.public,gs.us-east1,s3.us-east-1",2013-10-26T00:00:00,2950,SRX5012843,Mexico,North America,Mexico: Motozintla,Ancient,Cloud_forest,Bolitoglossa franklini nigroflavescens,Illumina MiSeq,Skin swab,15.42877 N 92.33919 W,15.42877,GUA55,PAIRED,PCR,METAGENOMIC,CCTACGGGNGGCWGCAG,0,-92.33919,Sierra_Madre_Chiapas,skin metagenome,ILLUMINA,2018-12-03T00:00:00Z,GACTACHVGGGTATCTAATCC,2018-11-15T14:21:00Z,1,GUA55,NA,Motozintla_2,SRP168824,0,NA
SRR8193364,adult,AMPLICON,600,32664000,Negative,PRJNA505069,SAMN10410526,Metagenome or environmental,22934531,SAN FRANCISCO STATE UNIVERSITY,10/26/2013,SMR2295,public,"run.zq,sra,fastq","ncbi,s3,gs","gs.us-east1,s3.us-east-1,ncbi.public",2013-10-26T00:00:00,2918,SRX5012842,Mexico,North America,Mexico: Motozintla,Ancient,Cloud_forest,Pseudoeurycea sp. n. Mozotal 1,Illumina MiSeq,Skin swab,15.42787 N 92.34554 W,15.42787,GUA54,PAIRED,PCR,METAGENOMIC,CCTACGGGNGGCWGCAG,0,-92.34554,Sierra_Madre_Chiapas,skin metagenome,ILLUMINA,2018-12-03T00:00:00Z,GACTACHVGGGTATCTAATCC,2018-11-15T14:22:00Z,1,GUA54,male,Motozintla_1,SRP168824,0,NA
SRR8193365,adult,AMPLICON,600,24513600,Positive,PRJNA505069,SAMN10410546,Metagenome or environmental,17274570,SAN FRANCISCO STATE UNIVERSITY,10/26/2013,SMR2294,public,"sra,run.zq,fastq","s3,ncbi,gs","ncbi.public,s3.us-east-1,gs.us-east1",2013-10-26T00:00:00,2918,SRX5012841,Mexico,North America,Mexico: Motozintla,Ancient,Cloud_forest,Pseudoeurycea sp. n. Mozotal 1,Illumina MiSeq,Skin swab,15.42787 N 92.34554 W,15.42787,GUA53,PAIRED,PCR,METAGENOMIC,CCTACGGGNGGCWGCAG,0.849542252,-92.34554,Sierra_Madre_Chiapas,skin metagenome,ILLUMINA,2018-12-03T00:00:00Z,GACTACHVGGGTATCTAATCC,2018-11-15T14:22:00Z,1,GUA53,male,Motozintla_1,SRP168824,6.072,NA
SRR8193366,adult,AMPLICON,600,23286600,Negative,PRJNA505069,SAMN10410525,Metagenome or environmental,16327361,SAN FRANCISCO STATE UNIVERSITY,10/26/2013,SMR2293,public,"run.zq,sra,fastq","ncbi,s3,gs","gs.us-east1,ncbi.public,s3.us-east-1",2013-10-26T00:00:00,2918,SRX5012840,Mexico,North America,Mexico: Motozintla,Ancient,Cloud_forest,Pseudoeurycea sp. n. Mozotal 1,Illumina MiSeq,Skin swab,15.42787 N 92.34554 W,15.42787,GUA52,PAIRED,PCR,METAGENOMIC,CCTACGGGNGGCWGCAG,0,-92.34554,Sierra_Madre_Chiapas,skin metagenome,ILLUMINA,2018-12-03T00:00:00Z,GACTACHVGGGTATCTAATCC,2018-11-15T14:22:00Z,1,GUA52,NA,Motozintla_1,SRP168824,0,NA
SRR8193367,adult,AMPLICON,600,32197200,Negative,PRJNA505069,SAMN10410524,Metagenome or environmental,22699834,SAN FRANCISCO STATE UNIVERSITY,10/26/2013,SMR2292,public,"sra,fastq,run.zq","s3,ncbi,gs","gs.us-east1,s3.us-east-1,ncbi.public",2013-10-26T00:00:00,2918,SRX5012839,Mexico,North America,Mexico: Motozintla,Ancient,Cloud_forest,Pseudoeurycea sp. n. Mozotal 1,Illumina MiSeq,Skin swab,15.42787 N 92.34554 W,15.42787,GUA51,PAIRED,PCR,METAGENOMIC,CCTACGGGNGGCWGCAG,0,-92.34554,Sierra_Madre_Chiapas,skin metagenome,ILLUMINA,2018-12-03T00:00:00Z,GACTACHVGGGTATCTAATCC,2018-11-15T14:21:00Z,1,GUA51,NA,Motozintla_1,SRP168824,0,NA
SRR8193368,adult,AMPLICON,600,29925600,Negative,PRJNA505069,SAMN10410539,Metagenome or environmental,21502119,SAN FRANCISCO STATE UNIVERSITY,10/26/2013,CRVA3368,public,"sra,fastq,run.zq","gs,s3,ncbi","s3.us-east-1,gs.us-east1,ncbi.public",2013-10-26T00:00:00,3071,SRX5012838,Mexico,North America,Mexico: Motozintla,Ancient,Cloud_forest,Incilius tacanensis,Illumina MiSeq,Skin swab,15.42643 N 92.34133 W,15.42643,GUA80,PAIRED,PCR,METAGENOMIC,CCTACGGGNGGCWGCAG,0,-92.34133,Sierra_Madre_Chiapas,skin metagenome,ILLUMINA,2018-12-03T00:00:00Z,GACTACHVGGGTATCTAATCC,2018-11-15T14:22:00Z,1,GUA80,NA,Motozintla_4,SRP168824,0,NA
SRR8193369,adult,AMPLICON,600,49017600,Negative,PRJNA505069,SAMN10410535,Metagenome or environmental,35477426,SAN FRANCISCO STATE UNIVERSITY,10/24/2013,P.rex.2,public,"run.zq,fastq,sra","gs,ncbi,s3","s3.us-east-1,gs.us-east1,ncbi.public",2013-10-24T00:00:00,2916,SRX5012837,Guatemala,North America,Guatemala: Cuilco,Ancient,Pine_oak,Pseudoeurycea rex,Illumina MiSeq,Skin swab,15.47991 N 91.93076 W,15.47991,GUA71,PAIRED,PCR,METAGENOMIC,CCTACGGGNGGCWGCAG,0,-91.93076,Cuilco,skin metagenome,ILLUMINA,2018-12-03T00:00:00Z,GACTACHVGGGTATCTAATCC,2018-11-15T14:21:00Z,1,GUA71,NA,Cuilco_2,SRP168824,0,NA
SRR8193370,adult,AMPLICON,600,43452600,Positive,PRJNA505069,SAMN10410548,Metagenome or environmental,32881312,SAN FRANCISCO STATE UNIVERSITY,10/27/2013,SMR2302,public,"sra,fastq,run.zq","gs,ncbi,s3","ncbi.public,s3.us-east-1,gs.us-east1",2013-10-27T00:00:00,1863,SRX5012836,Mexico,North America,Mexico: Union_Juarez,Volcano,Cloud_forest,Plectrohyla matudai,Illumina MiSeq,Skin swab,15.09632 N 92.08459 W,15.09632,GUA60,PAIRED,PCR,METAGENOMIC,CCTACGGGNGGCWGCAG,1.113943352,-92.08459,Volcanoes,skin metagenome,ILLUMINA,2018-12-03T00:00:00Z,GACTACHVGGGTATCTAATCC,2018-11-15T14:21:00Z,1,GUA60,male,Union_Juarez,SRP168824,12,NA
SRR8193371,adult,AMPLICON,600,32928000,Positive,PRJNA505069,SAMN10410552,Metagenome or environmental,24846033,SAN FRANCISCO STATE UNIVERSITY,10/27/2013,SMR2301,public,"sra,fastq,run.zq","gs,ncbi,s3","gs.us-east1,ncbi.public,s3.us-east-1",2013-10-27T00:00:00,1863,SRX5012835,Mexico,North America,Mexico: Union_Juarez,Volcano,Cloud_forest,Plectrohyla matudai,Illumina MiSeq,Skin swab,15.09632 N 92.08459 W,15.09632,GUA59,PAIRED,PCR,METAGENOMIC,CCTACGGGNGGCWGCAG,2.16613397,-92.08459,Volcanoes,skin metagenome,ILLUMINA,2018-12-03T00:00:00Z,GACTACHVGGGTATCTAATCC,2018-11-15T14:22:00Z,1,GUA59,male,Union_Juarez,SRP168824,145.6,NA
SRR8193372,adult,AMPLICON,600,31023000,Negative,PRJNA505069,SAMN10410509,Metagenome or environmental,21594534,SAN FRANCISCO STATE UNIVERSITY,10/29/2013,CRVA3395,public,"run.zq,fastq,sra","s3,gs,ncbi","ncbi.public,gs.us-east1,s3.us-east-1",2013-10-29T00:00:00,1816,SRX5012834,Guatemala,North America,Guatemala: San_Rafael_Pie_de_la_Cuesta,Volcano,Cloud_forest,Plectrohyla matudai,Illumina MiSeq,Skin swab,14.94134 N 91.87136 W,14.94134,GUA34,PAIRED,PCR,METAGENOMIC,CCTACGGGNGGCWGCAG,0,-91.87136,Volcanoes,skin metagenome,ILLUMINA,2018-12-03T00:00:00Z,GACTACHVGGGTATCTAATCC,2018-11-15T14:22:00Z,1,GUA34,NA,San_Rafael_Pie_de_la_Cuesta,SRP168824,0,NA
SRR8193373,adult,AMPLICON,600,16074600,Negative,PRJNA505069,SAMN10410533,Metagenome or environmental,11811746,SAN FRANCISCO STATE UNIVERSITY,10/29/2013,SMR2313,public,"sra,run.zq,fastq","gs,ncbi,s3","s3.us-east-1,ncbi.public,gs.us-east1",2013-10-29T00:00:00,1816,SRX5012833,Guatemala,North America,Guatemala: San_Rafael_Pie_de_la_Cuesta,Volcano,Cloud_forest,Craugastor stuarti,Illumina MiSeq,Skin swab,14.94134 N 91.87136 W,14.94134,GUA69,PAIRED,PCR,METAGENOMIC,CCTACGGGNGGCWGCAG,0,-91.87136,Volcanoes,skin metagenome,ILLUMINA,2018-12-03T00:00:00Z,GACTACHVGGGTATCTAATCC,2018-11-15T14:22:00Z,1,GUA69,NA,San_Rafael_Pie_de_la_Cuesta,SRP168824,0,NA
SRR8193374,adult,AMPLICON,600,38008800,Negative,PRJNA505069,SAMN10410508,Metagenome or environmental,25789106,SAN FRANCISCO STATE UNIVERSITY,10/29/2013,CRVA3394,public,"sra,fastq,run.zq","ncbi,gs,s3","s3.us-east-1,gs.us-east1,ncbi.public",2013-10-29T00:00:00,1816,SRX5012832,Guatemala,North America,Guatemala: San_Rafael_Pie_de_la_Cuesta,Volcano,Cloud_forest,Plectrohyla matudai,Illumina MiSeq,Skin swab,14.94134 N 91.87136 W,14.94134,GUA33,PAIRED,PCR,METAGENOMIC,CCTACGGGNGGCWGCAG,0,-91.87136,Volcanoes,skin metagenome,ILLUMINA,2018-12-03T00:00:00Z,GACTACHVGGGTATCTAATCC,2018-11-15T14:22:00Z,1,GUA33,female,San_Rafael_Pie_de_la_Cuesta,SRP168824,0,NA
SRR8193375,adult,AMPLICON,600,48715800,Negative,PRJNA505069,SAMN10410538,Metagenome or environmental,36011623,SAN FRANCISCO STATE UNIVERSITY,10/24/2013,P.rex.5,public,"fastq,sra,run.zq","s3,ncbi,gs","s3.us-east-1,ncbi.public,gs.us-east1",2013-10-24T00:00:00,2916,SRX5012831,Guatemala,North America,Guatemala: Cuilco,Ancient,Pine_oak,Pseudoeurycea rex,Illumina MiSeq,Skin swab,15.47991 N 91.93076 W,15.47991,GUA74,PAIRED,PCR,METAGENOMIC,CCTACGGGNGGCWGCAG,0,-91.93076,Cuilco,skin metagenome,ILLUMINA,2018-12-03T00:00:00Z,GACTACHVGGGTATCTAATCC,2018-11-15T14:22:00Z,1,GUA74,NA,Cuilco_2,SRP168824,0,NA
SRR8193376,adult,AMPLICON,600,59130000,Negative,PRJNA505069,SAMN10410481,Metagenome or environmental,43517391,SAN FRANCISCO STATE UNIVERSITY,10/23/2013,CRVA3356,public,"fastq,run.zq,sra","ncbi,s3,gs","gs.us-east1,ncbi.public,s3.us-east-1",2013-10-23T00:00:00,2732,SRX5012830,Guatemala,North America,Guatemala: San_Juan_Ixcoy,Ancient,Pine_oak,Bolitoglossa lincolni,Illumina MiSeq,Skin swab,15.60423 N 91.46426 W,15.60423,GUA02,PAIRED,PCR,METAGENOMIC,CCTACGGGNGGCWGCAG,0,-91.46426,Cuchumatanes,skin metagenome,ILLUMINA,2018-12-03T00:00:00Z,GACTACHVGGGTATCTAATCC,2018-11-15T14:22:00Z,1,GUA02,female,San_Juan_Ixcoy_2,SRP168824,0,NA
SRR8193377,adult,AMPLICON,600,47881800,Negative,PRJNA505069,SAMN10410480,Metagenome or environmental,33644479,SAN FRANCISCO STATE UNIVERSITY,10/23/2013,CRVA3355,public,"fastq,sra,run.zq","s3,gs,ncbi","ncbi.public,s3.us-east-1,gs.us-east1",2013-10-23T00:00:00,2732,SRX5012829,Guatemala,North America,Guatemala: San_Juan_Ixcoy,Ancient,Pine_oak,Bolitoglossa xibalba,Illumina MiSeq,Skin swab,15.60423 N 91.46426 W,15.60423,GUA01,PAIRED,PCR,METAGENOMIC,CCTACGGGNGGCWGCAG,0,-91.46426,Cuchumatanes,skin metagenome,ILLUMINA,2018-12-03T00:00:00Z,GACTACHVGGGTATCTAATCC,2018-11-15T14:22:00Z,1,GUA01,male,San_Juan_Ixcoy_2,SRP168824,0,NA
SRR8193378,juvenile,AMPLICON,600,34320600,Negative,PRJNA505069,SAMN10410483,Metagenome or environmental,23795216,SAN FRANCISCO STATE UNIVERSITY,10/23/2013,CRVA3358,public,"fastq,run.zq,sra","s3,gs,ncbi","s3.us-east-1,ncbi.public,gs.us-east1",2013-10-23T00:00:00,2711,SRX5012828,Guatemala,North America,Guatemala: San_Juan_Ixcoy,Ancient,Pine_oak,Bolitoglossa lincolni,Illumina MiSeq,Skin swab,15.60341 N 91.47045 W,15.60341,GUA04,PAIRED,PCR,METAGENOMIC,CCTACGGGNGGCWGCAG,0,-91.47045,Cuchumatanes,skin metagenome,ILLUMINA,2018-12-03T00:00:00Z,GACTACHVGGGTATCTAATCC,2018-11-15T14:22:00Z,1,GUA04,NA,San_Juan_Ixcoy_1,SRP168824,0,NA
SRR8193379,adult,AMPLICON,600,48750000,Negative,PRJNA505069,SAMN10410482,Metagenome or environmental,35275114,SAN FRANCISCO STATE UNIVERSITY,10/23/2013,CRVA3357,public,"run.zq,sra,fastq","s3,ncbi,gs","gs.us-east1,ncbi.public,s3.us-east-1",2013-10-23T00:00:00,2711,SRX5012827,Guatemala,North America,Guatemala: San_Juan_Ixcoy,Ancient,Pine_oak,Bolitoglossa lincolni,Illumina MiSeq,Skin swab,15.60341 N 91.47045 W,15.60341,GUA03,PAIRED,PCR,METAGENOMIC,CCTACGGGNGGCWGCAG,0,-91.47045,Cuchumatanes,skin metagenome,ILLUMINA,2018-12-03T00:00:00Z,GACTACHVGGGTATCTAATCC,2018-11-15T14:22:00Z,1,GUA03,female,San_Juan_Ixcoy_1,SRP168824,0,NA
SRR8193380,subadult,AMPLICON,600,37565400,Negative,PRJNA505069,SAMN10410485,Metagenome or environmental,25512345,SAN FRANCISCO STATE UNIVERSITY,10/23/2013,CRVA3360,public,"fastq,sra,run.zq","gs,s3,ncbi","ncbi.public,s3.us-east-1,gs.us-east1",2013-10-23T00:00:00,2649,SRX5012826,Guatemala,North America,Guatemala: San_Juan_Ixcoy,Ancient,Pine_oak,Bolitoglossa lincolni,Illumina MiSeq,Skin swab,15.60259 N 91.47524 W,15.60259,GUA06,PAIRED,PCR,METAGENOMIC,CCTACGGGNGGCWGCAG,0,-91.47524,Cuchumatanes,skin metagenome,ILLUMINA,2018-12-03T00:00:00Z,GACTACHVGGGTATCTAATCC,2018-11-15T14:22:00Z,1,GUA06,NA,San_Juan_Ixcoy_1,SRP168824,0,NA
SRR8193381,juvenile,AMPLICON,600,37525800,Negative,PRJNA505069,SAMN10410484,Metagenome or environmental,26461526,SAN FRANCISCO STATE UNIVERSITY,10/23/2013,CRVA3359,public,"fastq,run.zq,sra","ncbi,gs,s3","gs.us-east1,ncbi.public,s3.us-east-1",2013-10-23T00:00:00,2711,SRX5012825,Guatemala,North America,Guatemala: San_Juan_Ixcoy,Ancient,Pine_oak,Bolitoglossa lincolni,Illumina MiSeq,Skin swab,15.60341 N 91.47045 W,15.60341,GUA05,PAIRED,PCR,METAGENOMIC,CCTACGGGNGGCWGCAG,0,-91.47045,Cuchumatanes,skin metagenome,ILLUMINA,2018-12-03T00:00:00Z,GACTACHVGGGTATCTAATCC,2018-11-15T14:22:00Z,1,GUA05,NA,San_Juan_Ixcoy_1,SRP168824,0,NA
SRR8193382,adult,AMPLICON,600,27658200,Negative,PRJNA505069,SAMN10410487,Metagenome or environmental,18729052,SAN FRANCISCO STATE UNIVERSITY,10/23/2013,CRVA3362,public,"sra,fastq,run.zq","s3,ncbi,gs","gs.us-east1,s3.us-east-1,ncbi.public",2013-10-23T00:00:00,3311,SRX5012824,Guatemala,North America,Guatemala: Todos_Santos_Cuchumatan,Ancient,Fir,Pseudoeurycea rex,Illumina MiSeq,Skin swab,15.55432 N 91.60059 W,15.55432,GUA08,PAIRED,PCR,METAGENOMIC,CCTACGGGNGGCWGCAG,0,-91.60059,Cuchumatanes,skin metagenome,ILLUMINA,2018-12-03T00:00:00Z,GACTACHVGGGTATCTAATCC,2018-11-15T14:22:00Z,1,GUA08,NA,Todos_Santos_Cuchumatan,SRP168824,0,NA
SRR8193383,adult,AMPLICON,600,31159800,Negative,PRJNA505069,SAMN10410486,Metagenome or environmental,21533869,SAN FRANCISCO STATE UNIVERSITY,10/23/2013,CRVA3361,public,"sra,fastq,run.zq","ncbi,s3,gs","ncbi.public,s3.us-east-1,gs.us-east1",2013-10-23T00:00:00,3311,SRX5012823,Guatemala,North America,Guatemala: Todos_Santos_Cuchumatan,Ancient,Fir,Pseudoeurycea rex,Illumina MiSeq,Skin swab,15.55432 N 91.60059 W,15.55432,GUA07,PAIRED,PCR,METAGENOMIC,CCTACGGGNGGCWGCAG,0,-91.60059,Cuchumatanes,skin metagenome,ILLUMINA,2018-12-03T00:00:00Z,GACTACHVGGGTATCTAATCC,2018-11-15T14:22:00Z,1,GUA07,male,Todos_Santos_Cuchumatan,SRP168824,0,NA
SRR8193384,juvenile,AMPLICON,600,28235400,Negative,PRJNA505069,SAMN10410489,Metagenome or environmental,19580260,SAN FRANCISCO STATE UNIVERSITY,10/23/2013,CRVA3365,public,"fastq,sra,run.zq","ncbi,gs,s3","s3.us-east-1,ncbi.public,gs.us-east1",2013-10-23T00:00:00,3311,SRX5012822,Guatemala,North America,Guatemala: Todos_Santos_Cuchumatan,Ancient,Fir,Pseudoeurycea rex,Illumina MiSeq,Skin swab,15.55432 N 91.60059 W,15.55432,GUA10,PAIRED,PCR,METAGENOMIC,CCTACGGGNGGCWGCAG,0,-91.60059,Cuchumatanes,skin metagenome,ILLUMINA,2018-12-03T00:00:00Z,GACTACHVGGGTATCTAATCC,2018-11-15T14:22:00Z,1,GUA10,NA,Todos_Santos_Cuchumatan,SRP168824,0,NA
SRR8193385,juvenile,AMPLICON,600,26857800,Negative,PRJNA505069,SAMN10410488,Metagenome or environmental,18138983,SAN FRANCISCO STATE UNIVERSITY,10/23/2013,CRVA3363,public,"sra,fastq,run.zq","gs,s3,ncbi","s3.us-east-1,gs.us-east1,ncbi.public",2013-10-23T00:00:00,3311,SRX5012821,Guatemala,North America,Guatemala: Todos_Santos_Cuchumatan,Ancient,Fir,Pseudoeurycea rex,Illumina MiSeq,Skin swab,15.55432 N 91.60059 W,15.55432,GUA09,PAIRED,PCR,METAGENOMIC,CCTACGGGNGGCWGCAG,0,-91.60059,Cuchumatanes,skin metagenome,ILLUMINA,2018-12-03T00:00:00Z,GACTACHVGGGTATCTAATCC,2018-11-15T14:22:00Z,1,GUA09,NA,Todos_Santos_Cuchumatan,SRP168824,0,NA
SRR8193386,adult,AMPLICON,600,57311400,Negative,PRJNA505069,SAMN10410537,Metagenome or environmental,41701680,SAN FRANCISCO STATE UNIVERSITY,10/24/2013,P.rex.4,public,"fastq,run.zq,sra","ncbi,gs,s3","s3.us-east-1,gs.us-east1,ncbi.public",2013-10-24T00:00:00,2916,SRX5012820,Guatemala,North America,Guatemala: Cuilco,Ancient,Pine_oak,Pseudoeurycea rex,Illumina MiSeq,Skin swab,15.47991 N 91.93076 W,15.47991,GUA73,PAIRED,PCR,METAGENOMIC,CCTACGGGNGGCWGCAG,0,-91.93076,Cuilco,skin metagenome,ILLUMINA,2018-12-03T00:00:00Z,GACTACHVGGGTATCTAATCC,2018-11-15T14:22:00Z,1,GUA73,NA,Cuilco_2,SRP168824,0,NA
SRR8193387,adult,AMPLICON,600,22737600,Positive,PRJNA505069,SAMN10410545,Metagenome or environmental,16213062,SAN FRANCISCO STATE UNIVERSITY,10/26/2013,CRVA3380,public,"fastq,run.zq,sra","ncbi,gs,s3","s3.us-east-1,ncbi.public,gs.us-east1",2013-10-26T00:00:00,2345,SRX5012819,Mexico,North America,Mexico: Motozintla,Ancient,Cloud_forest,Plectrohyla lacertosa,Illumina MiSeq,Skin swab,15.38686 N 92.32733 W,15.38686,GUA23,PAIRED,PCR,METAGENOMIC,CCTACGGGNGGCWGCAG,0.52530401,-92.32733,Sierra_Madre_Chiapas,skin metagenome,ILLUMINA,2018-12-03T00:00:00Z,GACTACHVGGGTATCTAATCC,2018-11-15T14:22:00Z,1,GUA23,male,Motozintla_3,SRP168824,2.352,NA
SRR8193388,adult,AMPLICON,600,22083600,Negative,PRJNA505069,SAMN10410501,Metagenome or environmental,15693794,SAN FRANCISCO STATE UNIVERSITY,10/26/2013,CRVA3381,public,"run.zq,fastq,sra","ncbi,gs,s3","s3.us-east-1,gs.us-east1,ncbi.public",2013-10-26T00:00:00,2345,SRX5012818,Mexico,North America,Mexico: Motozintla,Ancient,Cloud_forest,Plectrohyla lacertosa,Illumina MiSeq,Skin swab,15.38686 N 92.32733 W,15.38686,GUA24,PAIRED,PCR,METAGENOMIC,CCTACGGGNGGCWGCAG,0,-92.32733,Sierra_Madre_Chiapas,skin metagenome,ILLUMINA,2018-12-03T00:00:00Z,GACTACHVGGGTATCTAATCC,2018-11-15T14:22:00Z,1,GUA24,male,Motozintla_3,SRP168824,0,NA
SRR8193389,adult,AMPLICON,600,28192800,Negative,PRJNA505069,SAMN10410499,Metagenome or environmental,20212903,SAN FRANCISCO STATE UNIVERSITY,10/26/2013,CRVA3378,public,"fastq,sra,run.zq","gs,s3,ncbi","ncbi.public,gs.us-east1,s3.us-east-1",2013-10-26T00:00:00,2345,SRX5012817,Mexico,North America,Mexico: Motozintla,Ancient,Cloud_forest,Plectrohyla lacertosa,Illumina MiSeq,Skin swab,15.38686 N 92.32733 W,15.38686,GUA21,PAIRED,PCR,METAGENOMIC,CCTACGGGNGGCWGCAG,0,-92.32733,Sierra_Madre_Chiapas,skin metagenome,ILLUMINA,2018-12-03T00:00:00Z,GACTACHVGGGTATCTAATCC,2018-11-15T14:22:00Z,1,GUA21,male,Motozintla_3,SRP168824,0,NA
SRR8193390,adult,AMPLICON,600,44610000,Negative,PRJNA505069,SAMN10410500,Metagenome or environmental,33208380,SAN FRANCISCO STATE UNIVERSITY,10/26/2013,CRVA3379,public,"sra,run.zq,fastq","ncbi,gs,s3","ncbi.public,gs.us-east1,s3.us-east-1",2013-10-26T00:00:00,2345,SRX5012816,Mexico,North America,Mexico: Motozintla,Ancient,Cloud_forest,Plectrohyla lacertosa,Illumina MiSeq,Skin swab,15.38686 N 92.32733 W,15.38686,GUA22,PAIRED,PCR,METAGENOMIC,CCTACGGGNGGCWGCAG,0,-92.32733,Sierra_Madre_Chiapas,skin metagenome,ILLUMINA,2018-12-03T00:00:00Z,GACTACHVGGGTATCTAATCC,2018-11-15T14:22:00Z,1,GUA22,male,Motozintla_3,SRP168824,0,NA
SRR8193391,adult,AMPLICON,600,29507400,Positive,PRJNA505069,SAMN10410555,Metagenome or environmental,20759903,SAN FRANCISCO STATE UNIVERSITY,10/27/2013,CRVA3385,public,"sra,run.zq,fastq","ncbi,gs,s3","ncbi.public,s3.us-east-1,gs.us-east1",2013-10-27T00:00:00,1863,SRX5012815,Mexico,North America,Mexico: Union_Juarez,Volcano,Cloud_forest,Plectrohyla matudai,Illumina MiSeq,Skin swab,15.09632 N 92.08459 W,15.09632,GUA27,PAIRED,PCR,METAGENOMIC,CCTACGGGNGGCWGCAG,2.489958479,-92.08459,Volcanoes,skin metagenome,ILLUMINA,2018-12-03T00:00:00Z,GACTACHVGGGTATCTAATCC,2018-11-15T14:22:00Z,1,GUA27,male,Union_Juarez,SRP168824,308,NA
SRR8193392,adult,AMPLICON,600,33092400,Negative,PRJNA505069,SAMN10410503,Metagenome or environmental,23441095,SAN FRANCISCO STATE UNIVERSITY,10/27/2013,CRVA3386,public,"run.zq,sra,fastq","s3,gs,ncbi","ncbi.public,s3.us-east-1,gs.us-east1",2013-10-27T00:00:00,1863,SRX5012814,Mexico,North America,Mexico: Union_Juarez,Volcano,Cloud_forest,Craugastor,Illumina MiSeq,Skin swab,15.09632 N 92.08459 W,15.09632,GUA28,PAIRED,PCR,METAGENOMIC,CCTACGGGNGGCWGCAG,0,-92.08459,Volcanoes,skin metagenome,ILLUMINA,2018-12-03T00:00:00Z,GACTACHVGGGTATCTAATCC,2018-11-15T14:23:00Z,1,GUA28,NA,Union_Juarez,SRP168824,0,NA
SRR8193393,adult,AMPLICON,600,33683400,Negative,PRJNA505069,SAMN10410502,Metagenome or environmental,24005590,SAN FRANCISCO STATE UNIVERSITY,10/27/2013,CRVA3383,public,"fastq,sra,run.zq","s3,ncbi,gs","ncbi.public,gs.us-east1,s3.us-east-1",2013-10-27T00:00:00,1863,SRX5012813,Mexico,North America,Mexico: Union_Juarez,Volcano,Cloud_forest,Plectrohyla matudai,Illumina MiSeq,Skin swab,15.09632 N 92.08459 W,15.09632,GUA25,PAIRED,PCR,METAGENOMIC,CCTACGGGNGGCWGCAG,0,-92.08459,Volcanoes,skin metagenome,ILLUMINA,2018-12-03T00:00:00Z,GACTACHVGGGTATCTAATCC,2018-11-15T14:23:00Z,1,GUA25,male,Union_Juarez,SRP168824,0,NA
SRR8193394,adult,AMPLICON,600,32412000,Positive,PRJNA505069,SAMN10410554,Metagenome or environmental,22142042,SAN FRANCISCO STATE UNIVERSITY,10/27/2013,CRVA3384.B,public,"sra,fastq,run.zq","ncbi,gs,s3","s3.us-east-1,gs.us-east1,ncbi.public",2013-10-27T00:00:00,1863,SRX5012812,Mexico,North America,Mexico: Union_Juarez,Volcano,Cloud_forest,Plectrohyla matudai,Illumina MiSeq,Skin swab,15.09632 N 92.08459 W,15.09632,GUA26,PAIRED,PCR,METAGENOMIC,CCTACGGGNGGCWGCAG,2.488832634,-92.08459,Volcanoes,skin metagenome,ILLUMINA,2018-12-03T00:00:00Z,GACTACHVGGGTATCTAATCC,2018-11-15T14:23:00Z,1,GUA26,male,Union_Juarez,SRP168824,307.2,NA
SRR8193395,adult,AMPLICON,600,43674600,Negative,PRJNA505069,SAMN10410532,Metagenome or environmental,32684267,SAN FRANCISCO STATE UNIVERSITY,10/29/2013,SMR2311,public,"fastq,run.zq,sra","gs,s3,ncbi","gs.us-east1,s3.us-east-1,ncbi.public",2013-10-29T00:00:00,1816,SRX5012811,Guatemala,North America,Guatemala: San_Rafael_Pie_de_la_Cuesta,Volcano,Cloud_forest,Plectrohyla sagorum,Illumina MiSeq,Skin swab,14.94134 N 91.87136 W,14.94134,GUA67,PAIRED,PCR,METAGENOMIC,CCTACGGGNGGCWGCAG,0,-91.87136,Volcanoes,skin metagenome,ILLUMINA,2018-12-03T00:00:00Z,GACTACHVGGGTATCTAATCC,2018-11-15T14:23:00Z,1,GUA67,male,San_Rafael_Pie_de_la_Cuesta,SRP168824,0,NA
SRR8193396,adult,AMPLICON,600,48412200,Positive,PRJNA505069,SAMN10410549,Metagenome or environmental,35240479,SAN FRANCISCO STATE UNIVERSITY,10/29/2013,SMR2312,public,"sra,run.zq,fastq","s3,ncbi,gs","ncbi.public,s3.us-east-1,gs.us-east1",2013-10-29T00:00:00,1816,SRX5012810,Guatemala,North America,Guatemala: San_Rafael_Pie_de_la_Cuesta,Volcano,Cloud_forest,Plectrohyla matudai,Illumina MiSeq,Skin swab,14.94134 N 91.87136 W,14.94134,GUA68,PAIRED,PCR,METAGENOMIC,CCTACGGGNGGCWGCAG,1.406199424,-91.87136,Volcanoes,skin metagenome,ILLUMINA,2018-12-03T00:00:00Z,GACTACHVGGGTATCTAATCC,2018-11-15T14:23:00Z,1,GUA68,female,San_Rafael_Pie_de_la_Cuesta,SRP168824,24.48,NA
SRR8193397,adult,AMPLICON,600,25536600,Negative,PRJNA505069,SAMN10410504,Metagenome or environmental,17777996,SAN FRANCISCO STATE UNIVERSITY,10/29/2013,CRVA3388,public,"sra,run.zq,fastq","ncbi,s3,gs","s3.us-east-1,ncbi.public,gs.us-east1",2013-10-29T00:00:00,3395,SRX5012809,Guatemala,North America,Guatemala: Ixchiguan,Ancient,Fir,Pseudoeurycea rex,Illumina MiSeq,Skin swab,15.17189 N 91.96672 W,15.17189,GUA29,PAIRED,PCR,METAGENOMIC,CCTACGGGNGGCWGCAG,0,-91.96672,Plateau,skin metagenome,ILLUMINA,2018-12-03T00:00:00Z,GACTACHVGGGTATCTAATCC,2018-11-15T14:23:00Z,1,GUA29,male,Ixchiguan,SRP168824,0,NA
SRR8193398,subadult,AMPLICON,600,31650000,Negative,PRJNA505069,SAMN10410505,Metagenome or environmental,21875946,SAN FRANCISCO STATE UNIVERSITY,10/29/2013,CRVA3391,public,"fastq,run.zq,sra","s3,gs,ncbi","ncbi.public,gs.us-east1,s3.us-east-1",2013-10-29T00:00:00,1816,SRX5012808,Guatemala,North America,Guatemala: San_Rafael_Pie_de_la_Cuesta,Volcano,Cloud_forest,Plectrohyla hartwegi,Illumina MiSeq,Skin swab,14.94134 N 91.87136 W,14.94134,GUA30,PAIRED,PCR,METAGENOMIC,CCTACGGGNGGCWGCAG,0,-91.87136,Volcanoes,skin metagenome,ILLUMINA,2018-12-03T00:00:00Z,GACTACHVGGGTATCTAATCC,2018-11-15T14:23:00Z,1,GUA30,NA,San_Rafael_Pie_de_la_Cuesta,SRP168824,0,NA
SRR8193399,adult,AMPLICON,600,76911600,Negative,PRJNA505069,SAMN10410529,Metagenome or environmental,55254446,SAN FRANCISCO STATE UNIVERSITY,10/29/2013,SMR2306,public,"fastq,sra,run.zq","gs,s3,ncbi","s3.us-east-1,gs.us-east1,ncbi.public",2013-10-29T00:00:00,3395,SRX5012807,Guatemala,North America,Guatemala: Ixchiguan,Ancient,Fir,Pseudoeurycea rex,Illumina MiSeq,Skin swab,15.17189 N 91.96672 W,15.17189,GUA63,PAIRED,PCR,METAGENOMIC,CCTACGGGNGGCWGCAG,0,-91.96672,Plateau,skin metagenome,ILLUMINA,2018-12-03T00:00:00Z,GACTACHVGGGTATCTAATCC,2018-11-15T14:23:00Z,1,GUA63,male,Ixchiguan,SRP168824,0,NA
SRR8193400,juvenile,AMPLICON,600,60562200,Negative,PRJNA505069,SAMN10410530,Metagenome or environmental,44759558,SAN FRANCISCO STATE UNIVERSITY,10/29/2013,SMR2307,public,"sra,fastq,run.zq","ncbi,s3,gs","s3.us-east-1,gs.us-east1,ncbi.public",2013-10-29T00:00:00,3395,SRX5012806,Guatemala,North America,Guatemala: Ixchiguan,Ancient,Fir,Pseudoeurycea rex,Illumina MiSeq,Skin swab,15.17189 N 91.96672 W,15.17189,GUA64,PAIRED,PCR,METAGENOMIC,CCTACGGGNGGCWGCAG,0,-91.96672,Plateau,skin metagenome,ILLUMINA,2018-12-03T00:00:00Z,GACTACHVGGGTATCTAATCC,2018-11-15T14:23:00Z,1,GUA64,NA,Ixchiguan,SRP168824,0,NA
SRR8193401,adult,AMPLICON,600,69976200,Positive,PRJNA505069,SAMN10410541,Metagenome or environmental,51929080,SAN FRANCISCO STATE UNIVERSITY,10/27/2013,SMR2303,public,"sra,fastq,run.zq","s3,gs,ncbi","ncbi.public,gs.us-east1,s3.us-east-1",2013-10-27T00:00:00,1863,SRX5012805,Mexico,North America,Mexico: Union_Juarez,Volcano,Cloud_forest,Plectrohyla matudai,Illumina MiSeq,Skin swab,15.09632 N 92.08459 W,15.09632,GUA61,PAIRED,PCR,METAGENOMIC,CCTACGGGNGGCWGCAG,0.299289334,-92.08459,Volcanoes,skin metagenome,ILLUMINA,2018-12-03T00:00:00Z,GACTACHVGGGTATCTAATCC,2018-11-15T14:23:00Z,1,GUA61,male,Union_Juarez,SRP168824,0.992,NA
SRR8193402,adult,AMPLICON,600,58019400,Negative,PRJNA505069,SAMN10410528,Metagenome or environmental,43210784,SAN FRANCISCO STATE UNIVERSITY,10/28/2013,SMR2305,public,"sra,run.zq,fastq","s3,gs,ncbi","gs.us-east1,s3.us-east-1,ncbi.public",2013-10-28T00:00:00,2483,SRX5012804,Guatemala,North America,Guatemala: San_Marcos,Volcano,Cloud_forest,Bolitoglossa franklini x lincolni,Illumina MiSeq,Skin swab,14.93733 N 91.84283 W,14.93733,GUA62,PAIRED,PCR,METAGENOMIC,CCTACGGGNGGCWGCAG,0,-91.84283,Volcanoes,skin metagenome,ILLUMINA,2018-12-03T00:00:00Z,GACTACHVGGGTATCTAATCC,2018-11-15T14:23:00Z,1,GUA62,male,San_Marcos,SRP168824,0,NA
SRR8193403,adult,AMPLICON,600,25719000,Positive,PRJNA505069,SAMN10410542,Metagenome or environmental,17561713,SAN FRANCISCO STATE UNIVERSITY,10/23/2013,SMR2282,public,"fastq,sra,run.zq","s3,ncbi,gs","gs.us-east1,s3.us-east-1,ncbi.public",2013-10-23T00:00:00,3311,SRX5012803,Guatemala,North America,Guatemala: Todos_Santos_Cuchumatan,Ancient,Fir,Pseudoeurycea rex,Illumina MiSeq,Skin swab,15.55432 N 91.60059 W,15.55432,GUA41,PAIRED,PCR,METAGENOMIC,CCTACGGGNGGCWGCAG,0.391640703,-91.60059,Cuchumatanes,skin metagenome,ILLUMINA,2018-12-03T00:00:00Z,GACTACHVGGGTATCTAATCC,2018-11-15T14:23:00Z,1,GUA41,female,Todos_Santos_Cuchumatan,SRP168824,1.464,NA
SRR8193404,adult,AMPLICON,600,36516000,Negative,PRJNA505069,SAMN10410516,Metagenome or environmental,24647415,SAN FRANCISCO STATE UNIVERSITY,10/23/2013,SMR2283,public,"fastq,sra,run.zq","gs,ncbi,s3","gs.us-east1,ncbi.public,s3.us-east-1",2013-10-23T00:00:00,3311,SRX5012802,Guatemala,North America,Guatemala: Todos_Santos_Cuchumatan,Ancient,Fir,Pseudoeurycea rex,Illumina MiSeq,Skin swab,15.55432 N 91.60059 W,15.55432,GUA42,PAIRED,PCR,METAGENOMIC,CCTACGGGNGGCWGCAG,0,-91.60059,Cuchumatanes,skin metagenome,ILLUMINA,2018-12-03T00:00:00Z,GACTACHVGGGTATCTAATCC,2018-11-15T14:23:00Z,1,GUA42,male,Todos_Santos_Cuchumatan,SRP168824,0,NA
SRR8193405,adult,AMPLICON,600,45082200,Negative,PRJNA505069,SAMN10410517,Metagenome or environmental,30867642,SAN FRANCISCO STATE UNIVERSITY,10/23/2013,SMR2284,public,"run.zq,fastq,sra","gs,ncbi,s3","gs.us-east1,ncbi.public,s3.us-east-1",2013-10-23T00:00:00,3311,SRX5012801,Guatemala,North America,Guatemala: Todos_Santos_Cuchumatan,Ancient,Fir,Pseudoeurycea rex,Illumina MiSeq,Skin swab,15.55432 N 91.60059 W,15.55432,GUA43,PAIRED,PCR,METAGENOMIC,CCTACGGGNGGCWGCAG,0,-91.60059,Cuchumatanes,skin metagenome,ILLUMINA,2018-12-03T00:00:00Z,GACTACHVGGGTATCTAATCC,2018-11-15T14:23:00Z,1,GUA43,NA,Todos_Santos_Cuchumatan,SRP168824,0,NA
SRR8193406,adult,AMPLICON,600,31248600,Negative,PRJNA505069,SAMN10410518,Metagenome or environmental,22136701,SAN FRANCISCO STATE UNIVERSITY,10/24/2013,SMR2285,public,"run.zq,sra,fastq","s3,ncbi,gs","gs.us-east1,ncbi.public,s3.us-east-1",2013-10-24T00:00:00,2240,SRX5012800,Guatemala,North America,Guatemala: Cuilco,Ancient,Cloud_forest,Bolitoglossa lincolni,Illumina MiSeq,Skin swab,15.56129 N 91.98414 W,15.56129,GUA44,PAIRED,PCR,METAGENOMIC,CCTACGGGNGGCWGCAG,0,-91.98414,Cuilco,skin metagenome,ILLUMINA,2018-12-03T00:00:00Z,GACTACHVGGGTATCTAATCC,2018-11-15T14:23:00Z,1,GUA44,female,Cuilco_1,SRP168824,0,NA
SRR8193407,adult,AMPLICON,600,45416400,Negative,PRJNA505069,SAMN10410519,Metagenome or environmental,34072193,SAN FRANCISCO STATE UNIVERSITY,10/24/2013,SMR2286,public,"run.zq,fastq,sra","gs,ncbi,s3","ncbi.public,gs.us-east1,s3.us-east-1",2013-10-24T00:00:00,2240,SRX5012799,Guatemala,North America,Guatemala: Cuilco,Ancient,Cloud_forest,Dendrotriton rabbi,Illumina MiSeq,Skin swab,15.56129 N 91.98414 W,15.56129,GUA45,PAIRED,PCR,METAGENOMIC,CCTACGGGNGGCWGCAG,0,-91.98414,Cuilco,skin metagenome,ILLUMINA,2018-12-03T00:00:00Z,GACTACHVGGGTATCTAATCC,2018-11-15T14:23:00Z,1,GUA45,male,Cuilco_1,SRP168824,0,NA
SRR8193408,adult,AMPLICON,600,28563600,Negative,PRJNA505069,SAMN10410520,Metagenome or environmental,19905158,SAN FRANCISCO STATE UNIVERSITY,10/24/2013,SMR2287,public,"sra,fastq,run.zq","s3,gs,ncbi","s3.us-east-1,gs.us-east1,ncbi.public",2013-10-24T00:00:00,2916,SRX5012798,Guatemala,North America,Guatemala: Cuilco,Ancient,Pine_oak,Pseudoeurycea rex,Illumina MiSeq,Skin swab,15.47991 N 91.93076 W,15.47991,GUA46,PAIRED,PCR,METAGENOMIC,CCTACGGGNGGCWGCAG,0,-91.93076,Cuilco,skin metagenome,ILLUMINA,2018-12-03T00:00:00Z,GACTACHVGGGTATCTAATCC,2018-11-15T14:23:00Z,1,GUA46,female,Cuilco_2,SRP168824,0,NA
SRR8193409,adult,AMPLICON,600,41481600,Negative,PRJNA505069,SAMN10410521,Metagenome or environmental,29161984,SAN FRANCISCO STATE UNIVERSITY,10/26/2013,SMR2288,public,"fastq,sra,run.zq","s3,ncbi,gs","ncbi.public,gs.us-east1,s3.us-east-1",2013-10-26T00:00:00,3071,SRX5012797,Mexico,North America,Mexico: Motozintla,Ancient,Cloud_forest,Bolitoglossa franklini nigroflavescens,Illumina MiSeq,Skin swab,15.42643 N 92.34133 W,15.42643,GUA47,PAIRED,PCR,METAGENOMIC,CCTACGGGNGGCWGCAG,0,-92.34133,Sierra_Madre_Chiapas,skin metagenome,ILLUMINA,2018-12-03T00:00:00Z,GACTACHVGGGTATCTAATCC,2018-11-15T14:23:00Z,1,GUA47,male,Motozintla_4,SRP168824,0,NA
SRR8193410,subadult,AMPLICON,600,33298800,Positive,PRJNA505069,SAMN10410551,Metagenome or environmental,22942857,SAN FRANCISCO STATE UNIVERSITY,10/26/2013,SMR2289,public,"run.zq,fastq,sra","ncbi,gs,s3","gs.us-east1,s3.us-east-1,ncbi.public",2013-10-26T00:00:00,3071,SRX5012796,Mexico,North America,Mexico: Motozintla,Ancient,Cloud_forest,Bolitoglossa franklini nigroflavescens,Illumina MiSeq,Skin swab,15.42643 N 92.34133 W,15.42643,GUA48,PAIRED,PCR,METAGENOMIC,CCTACGGGNGGCWGCAG,1.704836606,-92.34133,Sierra_Madre_Chiapas,skin metagenome,ILLUMINA,2018-12-03T00:00:00Z,GACTACHVGGGTATCTAATCC,2018-11-15T14:23:00Z,1,GUA48,NA,Motozintla_4,SRP168824,49.68,NA
SRR8193411,adult,AMPLICON,600,41842200,Negative,PRJNA505069,SAMN10410522,Metagenome or environmental,29047581,SAN FRANCISCO STATE UNIVERSITY,10/26/2013,SMR2290,public,"run.zq,sra,fastq","s3,ncbi,gs","s3.us-east-1,gs.us-east1,ncbi.public",2013-10-26T00:00:00,2918,SRX5012795,Mexico,North America,Mexico: Motozintla,Ancient,Cloud_forest,Pseudoeurycea sp. n. Mozotal 2,Illumina MiSeq,Skin swab,15.42787 N 92.34554 W,15.42787,GUA49,PAIRED,PCR,METAGENOMIC,CCTACGGGNGGCWGCAG,0,-92.34554,Sierra_Madre_Chiapas,skin metagenome,ILLUMINA,2018-12-03T00:00:00Z,GACTACHVGGGTATCTAATCC,2018-11-15T14:23:00Z,1,GUA49,male,Motozintla_1,SRP168824,0,NA
SRR8193412,adult,AMPLICON,600,28038600,Negative,PRJNA505069,SAMN10410523,Metagenome or environmental,19867678,SAN FRANCISCO STATE UNIVERSITY,10/26/2013,SMR2291,public,"fastq,sra,run.zq","ncbi,s3,gs","gs.us-east1,ncbi.public,s3.us-east-1",2013-10-26T00:00:00,3071,SRX5012794,Mexico,North America,Mexico: Motozintla,Ancient,Cloud_forest,Pseudoeurycea sp. n. Mozotal 1,Illumina MiSeq,Skin swab,15.42643 N 92.34133 W,15.42643,GUA50,PAIRED,PCR,METAGENOMIC,CCTACGGGNGGCWGCAG,0,-92.34133,Sierra_Madre_Chiapas,skin metagenome,ILLUMINA,2018-12-03T00:00:00Z,GACTACHVGGGTATCTAATCC,2018-11-15T14:23:00Z,1,GUA50,female,Motozintla_4,SRP168824,0,NA
SRR8193413,adult,AMPLICON,600,44629200,Negative,PRJNA505069,SAMN10410534,Metagenome or environmental,32320175,SAN FRANCISCO STATE UNIVERSITY,10/24/2013,P.rex.1,public,"sra,run.zq,fastq","gs,s3,ncbi","gs.us-east1,s3.us-east-1,ncbi.public",2013-10-24T00:00:00,2916,SRX5012793,Guatemala,North America,Guatemala: Cuilco,Ancient,Pine_oak,Pseudoeurycea rex,Illumina MiSeq,Skin swab,15.47991 N 91.93076 W,15.47991,GUA70,PAIRED,PCR,METAGENOMIC,CCTACGGGNGGCWGCAG,0,-91.93076,Cuilco,skin metagenome,ILLUMINA,2018-12-03T00:00:00Z,GACTACHVGGGTATCTAATCC,2018-11-15T14:23:00Z,1,GUA70,NA,Cuilco_2,SRP168824,0,NA
SRR8193414,adult,AMPLICON,600,36525000,Negative,PRJNA505069,SAMN10410515,Metagenome or environmental,24636262,SAN FRANCISCO STATE UNIVERSITY,10/23/2013,SMR2281,public,"sra,fastq,run.zq","s3,ncbi,gs","ncbi.public,gs.us-east1,s3.us-east-1",2013-10-23T00:00:00,3311,SRX5012792,Guatemala,North America,Guatemala: Todos_Santos_Cuchumatan,Ancient,Fir,Pseudoeurycea rex,Illumina MiSeq,Skin swab,15.55432 N 91.60059 W,15.55432,GUA40,PAIRED,PCR,METAGENOMIC,CCTACGGGNGGCWGCAG,0,-91.60059,Cuchumatanes,skin metagenome,ILLUMINA,2018-12-03T00:00:00Z,GACTACHVGGGTATCTAATCC,2018-11-15T14:23:00Z,1,GUA40,male,Todos_Santos_Cuchumatan,SRP168824,0,NA
SRR8193415,adult,AMPLICON,600,31348800,Positive,PRJNA505069,SAMN10410556,Metagenome or environmental,22850241,SAN FRANCISCO STATE UNIVERSITY,10/27/2013,CRVA3384.A,public,"sra,fastq,run.zq","s3,ncbi,gs","gs.us-east1,s3.us-east-1,ncbi.public",2013-10-27T00:00:00,1863,SRX5012791,Mexico,North America,Mexico: Union_Juarez,Volcano,Cloud_forest,Plectrohyla matudai,Illumina MiSeq,Skin swab,15.09632 N 92.08459 W,15.09632,GUA82,PAIRED,PCR,METAGENOMIC,CCTACGGGNGGCWGCAG,3.031246836,-92.08459,Volcanoes,skin metagenome,ILLUMINA,2018-12-03T00:00:00Z,GACTACHVGGGTATCTAATCC,2018-11-15T14:23:00Z,1,GUA82,male,Union_Juarez,SRP168824,1073.6,NA
SRR8193416,adult,AMPLICON,600,37284600,Negative,PRJNA505069,SAMN10410514,Metagenome or environmental,26003110,SAN FRANCISCO STATE UNIVERSITY,10/23/2013,SMR2280,public,"fastq,run.zq,sra","s3,ncbi,gs","s3.us-east-1,gs.us-east1,ncbi.public",2013-10-23T00:00:00,3311,SRX5012790,Guatemala,North America,Guatemala: Todos_Santos_Cuchumatan,Ancient,Fir,Pseudoeurycea rex,Illumina MiSeq,Skin swab,15.55432 N 91.60059 W,15.55432,GUA39,PAIRED,PCR,METAGENOMIC,CCTACGGGNGGCWGCAG,0,-91.60059,Cuchumatanes,skin metagenome,ILLUMINA,2018-12-03T00:00:00Z,GACTACHVGGGTATCTAATCC,2018-11-15T14:23:00Z,1,GUA39,female,Todos_Santos_Cuchumatan,SRP168824,0,NA
SRR8193417,adult,AMPLICON,600,37313400,Negative,PRJNA505069,SAMN10410531,Metagenome or environmental,26961976,SAN FRANCISCO STATE UNIVERSITY,10/29/2013,SMR2309,public,"sra,fastq,run.zq","gs,ncbi,s3","ncbi.public,gs.us-east1,s3.us-east-1",2013-10-29T00:00:00,1816,SRX5012789,Guatemala,North America,Guatemala: San_Rafael_Pie_de_la_Cuesta,Volcano,Cloud_forest,Plectrohyla hartwegi,Illumina MiSeq,Skin swab,14.94134 N 91.87136 W,14.94134,GUA65,PAIRED,PCR,METAGENOMIC,CCTACGGGNGGCWGCAG,0,-91.87136,Volcanoes,skin metagenome,ILLUMINA,2018-12-03T00:00:00Z,GACTACHVGGGTATCTAATCC,2018-11-15T14:23:00Z,1,GUA65,female,San_Rafael_Pie_de_la_Cuesta,SRP168824,0,NA
SRR8193418,subadult,AMPLICON,600,46253400,Positive,PRJNA505069,SAMN10410544,Metagenome or environmental,33470125,SAN FRANCISCO STATE UNIVERSITY,10/29/2013,SMR2310,public,"run.zq,fastq,sra","gs,s3,ncbi","gs.us-east1,s3.us-east-1,ncbi.public",2013-10-29T00:00:00,1816,SRX5012788,Guatemala,North America,Guatemala: San_Rafael_Pie_de_la_Cuesta,Volcano,Cloud_forest,Plectrohyla hartwegi,Illumina MiSeq,Skin swab,14.94134 N 91.87136 W,14.94134,GUA66,PAIRED,PCR,METAGENOMIC,CCTACGGGNGGCWGCAG,0.450864692,-91.87136,Volcanoes,skin metagenome,ILLUMINA,2018-12-03T00:00:00Z,GACTACHVGGGTATCTAATCC,2018-11-15T14:23:00Z,1,GUA66,NA,San_Rafael_Pie_de_la_Cuesta,SRP168824,1.824,NA
SRR8193419,adult,AMPLICON,600,52335000,Negative,PRJNA505069,SAMN10410540,Metagenome or environmental,37472054,SAN FRANCISCO STATE UNIVERSITY,10/27/2013,CRVA3382,public,"sra,fastq,run.zq","ncbi,gs,s3","gs.us-east1,s3.us-east-1,ncbi.public",2013-10-27T00:00:00,1801,SRX5012787,Mexico,North America,Mexico: Union_Juarez,Volcano,Cloud_forest,Craugastor stuarti,Illumina MiSeq,Skin swab,15.09335 N 92.08365 W,15.09335,GUA81,PAIRED,PCR,METAGENOMIC,CCTACGGGNGGCWGCAG,0,-92.08365,Volcanoes,skin metagenome,ILLUMINA,2018-12-03T00:00:00Z,GACTACHVGGGTATCTAATCC,2018-11-15T14:23:00Z,1,GUA81,NA,Union_Juarez,SRP168824,0,NA
SRR8193420,adult,AMPLICON,600,41312400,Negative,PRJNA505069,SAMN10410536,Metagenome or environmental,30092005,SAN FRANCISCO STATE UNIVERSITY,10/24/2013,P.rex.3,public,"sra,fastq,run.zq","gs,ncbi,s3","gs.us-east1,ncbi.public,s3.us-east-1",2013-10-24T00:00:00,2916,SRX5012786,Guatemala,North America,Guatemala: Cuilco,Ancient,Pine_oak,Pseudoeurycea rex,Illumina MiSeq,Skin swab,15.47991 N 91.93076 W,15.47991,GUA72,PAIRED,PCR,METAGENOMIC,CCTACGGGNGGCWGCAG,0,-91.93076,Cuilco,skin metagenome,ILLUMINA,2018-12-03T00:00:00Z,GACTACHVGGGTATCTAATCC,2018-11-15T14:23:00Z,1,GUA72,NA,Cuilco_2,SRP168824,0,NA
SRR8193421,adult,AMPLICON,600,55979400,Negative,PRJNA505069,SAMN10410507,Metagenome or environmental,38223025,SAN FRANCISCO STATE UNIVERSITY,10/29/2013,CRVA3393,public,"run.zq,sra,fastq","ncbi,gs,s3","gs.us-east1,ncbi.public,s3.us-east-1",2013-10-29T00:00:00,1816,SRX5012785,Guatemala,North America,Guatemala: San_Rafael_Pie_de_la_Cuesta,Volcano,Cloud_forest,Plectrohyla sagorum,Illumina MiSeq,Skin swab,14.94134 N 91.87136 W,14.94134,GUA32,PAIRED,PCR,METAGENOMIC,CCTACGGGNGGCWGCAG,0,-91.87136,Volcanoes,skin metagenome,ILLUMINA,2018-12-03T00:00:00Z,GACTACHVGGGTATCTAATCC,2018-11-15T14:23:00Z,1,GUA32,male,San_Rafael_Pie_de_la_Cuesta,SRP168824,0,NA
SRR8193422,adult,AMPLICON,600,47740200,Negative,PRJNA505069,SAMN10410506,Metagenome or environmental,33117400,SAN FRANCISCO STATE UNIVERSITY,10/29/2013,CRVA3392,public,"sra,fastq,run.zq","gs,s3,ncbi","s3.us-east-1,gs.us-east1,ncbi.public",2013-10-29T00:00:00,1816,SRX5012784,Guatemala,North America,Guatemala: San_Rafael_Pie_de_la_Cuesta,Volcano,Cloud_forest,Plectrohyla hartwegi,Illumina MiSeq,Skin swab,14.94134 N 91.87136 W,14.94134,GUA31,PAIRED,PCR,METAGENOMIC,CCTACGGGNGGCWGCAG,0,-91.87136,Volcanoes,skin metagenome,ILLUMINA,2018-12-03T00:00:00Z,GACTACHVGGGTATCTAATCC,2018-11-15T14:23:00Z,1,GUA31,female,San_Rafael_Pie_de_la_Cuesta,SRP168824,0,NA
SRR8193423,NA,AMPLICON,600,42132600,Negative,PRJNA505069,SAMN10410498,Metagenome or environmental,29390408,SAN FRANCISCO STATE UNIVERSITY,10/26/2013,CRVA3377,public,"run.zq,fastq,sra","ncbi,s3,gs","gs.us-east1,s3.us-east-1,ncbi.public",2013-10-26T00:00:00,2950,SRX5012783,Mexico,North America,Mexico: Motozintla,Ancient,Cloud_forest,Bolitoglossa franklini nigroflavescens,Illumina MiSeq,Skin swab,15.42877 N 92.33919 W,15.42877,GUA20,PAIRED,PCR,METAGENOMIC,CCTACGGGNGGCWGCAG,0,-92.33919,Sierra_Madre_Chiapas,skin metagenome,ILLUMINA,2018-12-03T00:00:00Z,GACTACHVGGGTATCTAATCC,2018-11-15T14:23:00Z,1,GUA20,NA,Motozintla_2,SRP168824,0,NA
SRR8193424,adult,AMPLICON,600,31167000,Negative,PRJNA505069,SAMN10410497,Metagenome or environmental,21560627,SAN FRANCISCO STATE UNIVERSITY,10/26/2013,CRVA3375,public,"fastq,run.zq,sra","s3,ncbi,gs","ncbi.public,gs.us-east1,s3.us-east-1",2013-10-26T00:00:00,2918,SRX5012782,Mexico,North America,Mexico: Motozintla,Ancient,Cloud_forest,Pseudoeurycea sp. n. Mozotal 1,Illumina MiSeq,Skin swab,15.42787 N 92.34554 W,15.42787,GUA19,PAIRED,PCR,METAGENOMIC,CCTACGGGNGGCWGCAG,0,-92.34554,Sierra_Madre_Chiapas,skin metagenome,ILLUMINA,2018-12-03T00:00:00Z,GACTACHVGGGTATCTAATCC,2018-11-15T14:23:00Z,1,GUA19,female,Motozintla_1,SRP168824,0,NA
SRR8193425,subadult,AMPLICON,600,34684800,Negative,PRJNA505069,SAMN10410511,Metagenome or environmental,23900311,SAN FRANCISCO STATE UNIVERSITY,10/23/2013,SMR2277,public,"run.zq,fastq,sra","s3,gs,ncbi","s3.us-east-1,gs.us-east1,ncbi.public",2013-10-23T00:00:00,2711,SRX5012781,Guatemala,North America,Guatemala: San_Juan_Ixcoy,Ancient,Pine_oak,Bolitoglossa lincolni,Illumina MiSeq,Skin swab,15.60341 N 91.47045 W,15.60341,GUA36,PAIRED,PCR,METAGENOMIC,CCTACGGGNGGCWGCAG,0,-91.47045,Cuchumatanes,skin metagenome,ILLUMINA,2018-12-03T00:00:00Z,GACTACHVGGGTATCTAATCC,2018-11-15T14:23:00Z,1,GUA36,NA,San_Juan_Ixcoy_1,SRP168824,0,NA
SRR8193426,subadult,AMPLICON,600,34213800,Negative,PRJNA505069,SAMN10410510,Metagenome or environmental,23162998,SAN FRANCISCO STATE UNIVERSITY,10/23/2013,SMR2276,public,"run.zq,sra,fastq","ncbi,gs,s3","gs.us-east1,s3.us-east-1,ncbi.public",2013-10-23T00:00:00,2711,SRX5012780,Guatemala,North America,Guatemala: San_Juan_Ixcoy,Ancient,Pine_oak,Bolitoglossa lincolni,Illumina MiSeq,Skin swab,15.60341 N 91.47045 W,15.60341,GUA35,PAIRED,PCR,METAGENOMIC,CCTACGGGNGGCWGCAG,0,-91.47045,Cuchumatanes,skin metagenome,ILLUMINA,2018-12-03T00:00:00Z,GACTACHVGGGTATCTAATCC,2018-11-15T14:23:00Z,1,GUA35,NA,San_Juan_Ixcoy_1,SRP168824,0,NA
SRR8193427,adult,AMPLICON,600,36514800,Negative,PRJNA505069,SAMN10410513,Metagenome or environmental,25596726,SAN FRANCISCO STATE UNIVERSITY,10/23/2013,SMR2279,public,"fastq,sra,run.zq","s3,ncbi,gs","gs.us-east1,ncbi.public,s3.us-east-1",2013-10-23T00:00:00,2649,SRX5012779,Guatemala,North America,Guatemala: San_Juan_Ixcoy,Ancient,Pine_oak,Bolitoglossa lincolni,Illumina MiSeq,Skin swab,15.60259 N 91.47524 W,15.60259,GUA38,PAIRED,PCR,METAGENOMIC,CCTACGGGNGGCWGCAG,0,-91.47524,Cuchumatanes,skin metagenome,ILLUMINA,2018-12-03T00:00:00Z,GACTACHVGGGTATCTAATCC,2018-11-15T14:23:00Z,1,GUA38,male,San_Juan_Ixcoy_1,SRP168824,0,NA
SRR8193428,juvenile,AMPLICON,600,49213800,Negative,PRJNA505069,SAMN10410512,Metagenome or environmental,35205141,SAN FRANCISCO STATE UNIVERSITY,10/23/2013,SMR2278,public,"sra,fastq,run.zq","ncbi,gs,s3","ncbi.public,gs.us-east1,s3.us-east-1",2013-10-23T00:00:00,2711,SRX5012778,Guatemala,North America,Guatemala: San_Juan_Ixcoy,Ancient,Pine_oak,Bolitoglossa lincolni,Illumina MiSeq,Skin swab,15.60341 N 91.47045 W,15.60341,GUA37,PAIRED,PCR,METAGENOMIC,CCTACGGGNGGCWGCAG,0,-91.47045,Cuchumatanes,skin metagenome,ILLUMINA,2018-12-03T00:00:00Z,GACTACHVGGGTATCTAATCC,2018-11-15T14:23:00Z,1,GUA37,NA,San_Juan_Ixcoy_1,SRP168824,0,NA
SRR8193429,adult,AMPLICON,600,29868600,Negative,PRJNA505069,SAMN10410493,Metagenome or environmental,20369553,SAN FRANCISCO STATE UNIVERSITY,10/26/2013,CRVA3370,public,"run.zq,sra,fastq","gs,ncbi,s3","gs.us-east1,s3.us-east-1,ncbi.public",2013-10-26T00:00:00,3071,SRX5012777,Mexico,North America,Mexico: Motozintla,Ancient,Cloud_forest,Bolitoglossa franklini nigroflavescens,Illumina MiSeq,Skin swab,15.42643 N 92.34133 W,15.42643,GUA14,PAIRED,PCR,METAGENOMIC,CCTACGGGNGGCWGCAG,0,-92.34133,Sierra_Madre_Chiapas,skin metagenome,ILLUMINA,2018-12-03T00:00:00Z,GACTACHVGGGTATCTAATCC,2018-11-15T14:23:00Z,1,GUA14,male,Motozintla_4,SRP168824,0,NA
SRR8193430,subadult,AMPLICON,600,30202800,Negative,PRJNA505069,SAMN10410492,Metagenome or environmental,20742336,SAN FRANCISCO STATE UNIVERSITY,10/26/2013,CRVA3369,public,"run.zq,sra,fastq","ncbi,s3,gs","s3.us-east-1,ncbi.public,gs.us-east1",2013-10-26T00:00:00,3071,SRX5012776,Mexico,North America,Mexico: Motozintla,Ancient,Cloud_forest,Bolitoglossa franklini nigroflavescens,Illumina MiSeq,Skin swab,15.42643 N 92.34133 W,15.42643,GUA13,PAIRED,PCR,METAGENOMIC,CCTACGGGNGGCWGCAG,0,-92.34133,Sierra_Madre_Chiapas,skin metagenome,ILLUMINA,2018-12-03T00:00:00Z,GACTACHVGGGTATCTAATCC,2018-11-15T14:23:00Z,1,GUA13,NA,Motozintla_4,SRP168824,0,NA
SRR8193431,adult,AMPLICON,600,44640000,Negative,PRJNA505069,SAMN10410491,Metagenome or environmental,30232537,SAN FRANCISCO STATE UNIVERSITY,10/24/2013,CRVA3367,public,"run.zq,fastq,sra","s3,gs,ncbi","gs.us-east1,s3.us-east-1,ncbi.public",2013-10-24T00:00:00,2916,SRX5012775,Guatemala,North America,Guatemala: Cuilco,Ancient,Pine_oak,Pseudoeurycea rex,Illumina MiSeq,Skin swab,15.47991 N 91.93076 W,15.47991,GUA12,PAIRED,PCR,METAGENOMIC,CCTACGGGNGGCWGCAG,0,-91.93076,Cuilco,skin metagenome,ILLUMINA,2018-12-03T00:00:00Z,GACTACHVGGGTATCTAATCC,2018-11-15T14:23:00Z,1,GUA12,male,Cuilco_2,SRP168824,0,NA
SRR8193432,juvenile,AMPLICON,600,36010200,Negative,PRJNA505069,SAMN10410490,Metagenome or environmental,25000760,SAN FRANCISCO STATE UNIVERSITY,10/24/2013,CRVA3366,public,"sra,fastq,run.zq","gs,s3,ncbi","ncbi.public,gs.us-east1,s3.us-east-1",2013-10-24T00:00:00,2240,SRX5012774,Guatemala,North America,Guatemala: Cuilco,Ancient,Cloud_forest,Bolitoglossa lincolni,Illumina MiSeq,Skin swab,15.56129 N 91.98414 W,15.56129,GUA11,PAIRED,PCR,METAGENOMIC,CCTACGGGNGGCWGCAG,0,-91.98414,Cuilco,skin metagenome,ILLUMINA,2018-12-03T00:00:00Z,GACTACHVGGGTATCTAATCC,2018-11-15T14:23:00Z,1,GUA11,NA,Cuilco_1,SRP168824,0,NA
SRR8193433,adult,AMPLICON,600,23599200,Positive,PRJNA505069,SAMN10410550,Metagenome or environmental,16716701,SAN FRANCISCO STATE UNIVERSITY,10/26/2013,CRVA3374,public,"sra,run.zq,fastq","gs,s3,ncbi","s3.us-east-1,gs.us-east1,ncbi.public",2013-10-26T00:00:00,2918,SRX5012773,Mexico,North America,Mexico: Motozintla,Ancient,Cloud_forest,Pseudoeurycea sp. n. Mozotal 1,Illumina MiSeq,Skin swab,15.42787 N 92.34554 W,15.42787,GUA18,PAIRED,PCR,METAGENOMIC,CCTACGGGNGGCWGCAG,1.678700435,-92.34554,Sierra_Madre_Chiapas,skin metagenome,ILLUMINA,2018-12-03T00:00:00Z,GACTACHVGGGTATCTAATCC,2018-11-15T14:23:00Z,1,GUA18,NA,Motozintla_1,SRP168824,46.72,NA
SRR8193434,NA,AMPLICON,600,17403600,Negative,PRJNA505069,SAMN10410496,Metagenome or environmental,12190706,SAN FRANCISCO STATE UNIVERSITY,10/26/2013,CRVA3373,public,"sra,fastq,run.zq","gs,ncbi,s3","gs.us-east1,ncbi.public,s3.us-east-1",2013-10-26T00:00:00,2918,SRX5012772,Mexico,North America,Mexico: Motozintla,Ancient,Cloud_forest,Pseudoeurycea sp. n. Mozotal 1,Illumina MiSeq,Skin swab,15.42787 N 92.34554 W,15.42787,GUA17,PAIRED,PCR,METAGENOMIC,CCTACGGGNGGCWGCAG,0,-92.34554,Sierra_Madre_Chiapas,skin metagenome,ILLUMINA,2018-12-03T00:00:00Z,GACTACHVGGGTATCTAATCC,2018-11-15T14:23:00Z,1,GUA17,NA,Motozintla_1,SRP168824,0,NA
SRR8193435,subadult,AMPLICON,600,37249200,Negative,PRJNA505069,SAMN10410495,Metagenome or environmental,25602743,SAN FRANCISCO STATE UNIVERSITY,10/26/2013,CRVA3372,public,"sra,run.zq,fastq","s3,gs,ncbi","ncbi.public,gs.us-east1,s3.us-east-1",2013-10-26T00:00:00,2918,SRX5012771,Mexico,North America,Mexico: Motozintla,Ancient,Cloud_forest,Pseudoeurycea sp. n. Mozotal 1,Illumina MiSeq,Skin swab,15.42787 N 92.34554 W,15.42787,GUA16,PAIRED,PCR,METAGENOMIC,CCTACGGGNGGCWGCAG,0,-92.34554,Sierra_Madre_Chiapas,skin metagenome,ILLUMINA,2018-12-03T00:00:00Z,GACTACHVGGGTATCTAATCC,2018-11-15T14:23:00Z,1,GUA16,NA,Motozintla_1,SRP168824,0,NA
SRR8193436,juvenile,AMPLICON,600,48460800,Negative,PRJNA505069,SAMN10410494,Metagenome or environmental,33372279,SAN FRANCISCO STATE UNIVERSITY,10/26/2013,CRVA3371,public,"sra,run.zq,fastq","gs,s3,ncbi","gs.us-east1,ncbi.public,s3.us-east-1",2013-10-26T00:00:00,2918,SRX5012770,Mexico,North America,Mexico: Motozintla,Ancient,Cloud_forest,Pseudoeurycea sp. n. Mozotal 1,Illumina MiSeq,Skin swab,15.42787 N 92.34554 W,15.42787,GUA15,PAIRED,PCR,METAGENOMIC,CCTACGGGNGGCWGCAG,0,-92.34554,Sierra_Madre_Chiapas,skin metagenome,ILLUMINA,2018-12-03T00:00:00Z,GACTACHVGGGTATCTAATCC,2018-11-15T14:23:00Z,1,GUA15,NA,Motozintla_1,SRP168824,0,NA
