OTU_ID,Kingdom,Phylum,Class,Order,Family,Genus,otu_sample_name
OTU_1,Bacteria,Actinobacteria,Actinobacteria,Actinomycetales,Actinomycetaceae,NA,GUA24
OTU_2,Bacteria,Firmicutes,Gammaproteobacteria,Enterobacterales,Lactobacillaceae,Actinomyces,GUA47
OTU_3,Bacteria,Firmicutes,Bacteroidia,NA,Actinomycetaceae,Bacteroides,GUA65
OTU_4,Bacteria,Firmicutes,Gammaproteobacteria,Pseudomonadales,Lactobacillaceae,Lactobacillus,GUA06
OTU_5,Bacteria,Bacteroidetes,Bacteroidia,NA,Enterobacteriaceae,Bacteroides,GUA11
OTU_6,Bacteria,Proteobacteria,Actinobacteria,Burkholderiales,Enterobacteriaceae,Lactobacillus,GUA15
OTU_7,Bacteria,Firmicutes,Actinobacteria,NA,Bacteroidaceae,Actinomyces,GUA81
OTU_8,Bacteria,Bacteroidetes,Gammaproteobacteria,NA,Enterobacteriaceae,Actinomyces,GUA68
OTU_9,Bacteria,Actinobacteria,Gammaproteobacteria,NA,Lactobacillaceae,Bacteroides,GUA13
OTU_10,Bacteria,Actinobacteria,Bacteroidia,Flavobacteriales,Lactobacillaceae,Lactobacillus,GUA25
OTU_11,Bacteria,Firmicutes,Bacteroidia,Actinomycetales,Enterobacteriaceae,Actinomyces,GUA10
OTU_12,Bacteria,Proteobacteria,Gammaproteobacteria,Enterobacterales,Enterobacteriaceae,Escherichia,GUA21
OTU_13,Bacteria,Firmicutes,Gammaproteobacteria,Burkholderiales,Enterobacteriaceae,Bacteroides,GUA50
OTU_14,Bacteria,Actinobacteria,Actinobacteria,Pseudomonadales,Bacteroidaceae,Escherichia,GUA43
OTU_15,Bacteria,Proteobacteria,Actinobacteria,Actinomycetales,Enterobacteriaceae,Bacteroides,GUA67
OTU_16,Bacteria,Proteobacteria,Gammaproteobacteria,NA,Lactobacillaceae,Lactobacillus,GUA21
OTU_17,Bacteria,Actinobacteria,Actinobacteria,Actinomycetales,Enterobacteriaceae,Lactobacillus,GUA61
OTU_18,Bacteria,Bacteroidetes,Bacilli,NA,Bacteroidaceae,Escherichia,GUA66
OTU_19,Bacteria,Bacteroidetes,Bacteroidia,Actinomycetales,Bacteroidaceae,Lactobacillus,GUA16
OTU_20,Bacteria,Firmicutes,Actinobacteria,Enterobacterales,Lactobacillaceae,Lactobacillus,GUA08
OTU_21,Bacteria,Proteobacteria,Bacilli,Pseudomonadales,Lactobacillaceae,Lactobacillus,GUA01
OTU_22,Bacteria,Firmicutes,Gammaproteobacteria,Actinomycetales,Enterobacteriaceae,Escherichia,GUA62
OTU_23,Bacteria,Proteobacteria,Actinobacteria,Flavobacteriales,Lactobacillaceae,Lactobacillus,GUA42
OTU_24,Bacteria,Actinobacteria,Gammaproteobacteria,Actinomycetales,Actinomycetaceae,Actinomyces,GUA46
OTU_25,Bacteria,Proteobacteria,Bacteroidia,NA,Lactobacillaceae,Bacteroides,GUA23
OTU_26,Bacteria,Proteobacteria,Gammaproteobacteria,Flavobacteriales,Actinomycetaceae,Actinomyces,GUA70
OTU_27,Bacteria,Actinobacteria,Bacilli,Pseudomonadales,Actinomycetaceae,Escherichia,GUA54
OTU_28,Bacteria,Bacteroidetes,Gammaproteobacteria,Enterobacterales,Lactobacillaceae,Escherichia,GUA42
OTU_29,Bacteria,Actinobacteria,Bacilli,Enterobacterales,Actinomycetaceae,Lactobacillus,GUA56
OTU_30,Bacteria,Proteobacteria,Actinobacteria,Rhizobiales,Lactobacillaceae,Actinomyces,GUA24
OTU_31,Bacteria,Actinobacteria,Actinobacteria,Rhizobiales,Lactobacillaceae,Escherichia,GUA26
OTU_32,Bacteria,Proteobacteria,Bacilli,Rhizobiales,Bacteroidaceae,Bacteroides,GUA46
OTU_33,Bacteria,Bacteroidetes,Bacteroidia,Actinomycetales,Actinomycetaceae,Escherichia,GUA39
OTU_34,Bacteria,Bacteroidetes,Bacteroidia,Enterobacterales,Actinomycetaceae,Actinomyces,GUA30
OTU_35,Bacteria,Proteobacteria,Bacteroidia,Actinomycetales,Enterobacteriaceae,Bacteroides,GUA32
OTU_36,Bacteria,Bacteroidetes,Actinobacteria,Flavobacteriales,Lactobacillaceae,Bacteroides,GUA35
OTU_37,Bacteria,Actinobacteria,Actinobacteria,Burkholderiales,Bacteroidaceae,Lactobacillus,GUA17
OTU_38,Bacteria,Bacteroidetes,Bacteroidia,Flavobacteriales,Bacteroidaceae,Bacteroides,GUA56
OTU_39,Bacteria,Firmicutes,Gammaproteobacteria,Flavobacteriales,Enterobacteriaceae,Lactobacillus,GUA08
OTU_40,Bacteria,Bacteroidetes,Bacteroidia,NA,Actinomycetaceae,Lactobacillus,GUA36
OTU_41,Bacteria,Firmicutes,Gammaproteobacteria,NA,Bacteroidaceae,Escherichia,GUA26
OTU_42,Bacteria,Actinobacteria,Bacteroidia,NA,Actinomycetaceae,Escherichia,GUA13
OTU_43,Bacteria,Bacteroidetes,Gammaproteobacteria,Actinomycetales,Bacteroidaceae,Lactobacillus,GUA47
OTU_44,Bacteria,Bacteroidetes,Actinobacteria,NA,Bacteroidaceae,Actinomyces,GUA50
OTU_45,Bacteria,Bacteroidetes,Bacteroidia,Bacillales,Lactobacillaceae,Lactobacillus,GUA05
OTU_46,Bacteria,Actinobacteria,Bacteroidia,Flavobacteriales,Actinomycetaceae,Actinomyces,GUA08
OTU_47,Bacteria,Actinobacteria,Bacilli,NA,Bacteroidaceae,Bacteroides,GUA29
OTU_48,Bacteria,Firmicutes,Bacteroidia,Burkholderiales,Lactobacillaceae,Bacteroides,GUA21
OTU_49,Bacteria,Proteobacteria,Gammaproteobacteria,Flavobacteriales,Bacteroidaceae,Bacteroides,GUA17
OTU_50,Bacteria,Actinobacteria,Bacilli,Actinomycetales,Lactobacillaceae,Lactobacillus,GUA80
OTU_51,Bacteria,Bacteroidetes,Bacteroidia,NA,Lactobacillaceae,Actinomyces,GUA54
OTU_52,Bacteria,Firmicutes,Bacteroidia,NA,Actinomycetaceae,Lactobacillus,GUA40
OTU_53,Bacteria,Bacteroidetes,Actinobacteria,NA,Lactobacillaceae,Bacteroides,GUA65
OTU_54,Bacteria,Bacteroidetes,Bacilli,NA,Bacteroidaceae,Escherichia,GUA42
OTU_55,Bacteria,Actinobacteria,Gammaproteobacteria,Burkholderiales,Enterobacteriaceae,Bacteroides,GUA71
OTU_56,Bacteria,Proteobacteria,Bacteroidia,NA,Bacteroidaceae,Bacteroides,GUA71
OTU_57,Bacteria,Bacteroidetes,Actinobacteria,NA,Bacteroidaceae,Escherichia,GUA32
OTU_58,Bacteria,Actinobacteria,Bacteroidia,Bacillales,Lactobacillaceae,Actinomyces,GUA20
OTU_59,Bacteria,Firmicutes,Bacilli,Actinomycetales,Bacteroidaceae,Bacteroides,GUA52
OTU_60,Bacteria,Bacteroidetes,Gammaproteobacteria,NA,Lactobacillaceae,Actinomyces,GUA16
OTU_61,Bacteria,Firmicutes,Actinobacteria,NA,Actinomycetaceae,Escherichia,GUA82
OTU_62,Bacteria,Actinobacteria,Bacteroidia,Rhizobiales,Lactobacillaceae,Escherichia,GUA01
OTU_63,Bacteria,Actinobacteria,Gammaproteobacteria,Flavobacteriales,Actinomycetaceae,Escherichia,GUA01
OTU_64,Bacteria,Actinobacteria,Bacteroidia,Flavobacteriales,Enterobacteriaceae,Lactobacillus,GUA36
OTU_65,Bacteria,Actinobacteria,Bacteroidia,NA,Bacteroidaceae,Actinomyces,GUA82
OTU_66,Bacteria,Actinobacteria,Bacilli,NA,Actinomycetaceae,Lactobacillus,GUA31
OTU_67,Bacteria,Proteobacteria,Bacilli,Actinomycetales,Enterobacteriaceae,Escherichia,GUA37
OTU_68,Bacteria,Firmicutes,Bacteroidia,Enterobacterales,Lactobacillaceae,Bacteroides,GUA16
OTU_69,Bacteria,Proteobacteria,Actinobacteria,NA,Enterobacteriaceae,Lactobacillus,GUA33
OTU_70,Bacteria,Firmicutes,Bacilli,Rhizobiales,Actinomycetaceae,Bacteroides,GUA01
OTU_71,Bacteria,Bacteroidetes,Bacilli,NA,Bacteroidaceae,Lactobacillus,GUA05
OTU_72,Bacteria,Bacteroidetes,Bacilli,Bacillales,Enterobacteriaceae,Actinomyces,GUA40
OTU_73,Bacteria,Firmicutes,Bacilli,NA,Enterobacteriaceae,Bacteroides,GUA45
OTU_74,Bacteria,Bacteroidetes,Gammaproteobacteria,NA,Lactobacillaceae,Lactobacillus,GUA13
OTU_75,Bacteria,Bacteroidetes,Bacteroidia,NA,Lactobacillaceae,Escherichia,GUA25
OTU_76,Bacteria,Bacteroidetes,Gammaproteobacteria,Rhizobiales,Bacteroidaceae,Escherichia,GUA28
OTU_77,Bacteria,Proteobacteria,Gammaproteobacteria,Flavobacteriales,Lactobacillaceae,Actinomyces,GUA70
OTU_78,Bacteria,Proteobacteria,Bacteroidia,Actinomycetales,Actinomycetaceae,Actinomyces,GUA10
OTU_79,Bacteria,Actinobacteria,Bacilli,NA,Actinomycetaceae,Lactobacillus,GUA51
OTU_80,Bacteria,Firmicutes,Actinobacteria,NA,Enterobacteriaceae,Escherichia,GUA48
OTU_81,Bacteria,Bacteroidetes,Bacilli,Flavobacteriales,Lactobacillaceae,Bacteroides,GUA05
OTU_82,Bacteria,Firmicutes,Bacilli,Enterobacterales,Lactobacillaceae,Lactobacillus,GUA51
OTU_83,Bacteria,Actinobacteria,Bacilli,NA,Enterobacteriaceae,Lactobacillus,GUA12
OTU_84,Bacteria,Actinobacteria,Bacilli,Enterobacterales,Bacteroidaceae,Escherichia,GUA11
OTU_85,Bacteria,Bacteroidetes,Actinobacteria,Actinomycetales,Lactobacillaceae,Actinomyces,GUA20
OTU_86,Bacteria,Actinobacteria,Gammaproteobacteria,NA,Lactobacillaceae,Bacteroides,GUA09
OTU_87,Bacteria,Bacteroidetes,Actinobacteria,NA,Bacteroidaceae,Actinomyces,GUA51
OTU_88,Bacteria,Actinobacteria,Bacteroidia,Actinomycetales,Lactobacillaceae,Lactobacillus,GUA21
OTU_89,Bacteria,Actinobacteria,Bacilli,Bacillales,Actinomycetaceae,Lactobacillus,GUA66
OTU_90,Bacteria,Bacteroidetes,Actinobacteria,NA,Actinomycetaceae,Escherichia,GUA19
OTU_91,Bacteria,Actinobacteria,Bacteroidia,Actinomycetales,Bacteroidaceae,Actinomyces,GUA64
OTU_92,Bacteria,Actinobacteria,Actinobacteria,NA,Bacteroidaceae,Lactobacillus,GUA10
OTU_93,Bacteria,Actinobacteria,Bacilli,Burkholderiales,Actinomycetaceae,Lactobacillus,GUA13
OTU_94,Bacteria,Firmicutes,Bacilli,NA,Actinomycetaceae,Actinomyces,GUA31
OTU_95,Bacteria,Proteobacteria,Bacteroidia,NA,Actinomycetaceae,Escherichia,GUA51
OTU_96,Bacteria,Firmicutes,Actinobacteria,NA,Actinomycetaceae,Escherichia,GUA23
OTU_97,Bacteria,Actinobacteria,Bacilli,NA,Bacteroidaceae,Bacteroides,GUA01
OTU_98,Bacteria,Proteobacteria,Bacteroidia,NA,Bacteroidaceae,Bacteroides,GUA23
OTU_99,Bacteria,Firmicutes,Actinobacteria,Pseudomonadales,Enterobacteriaceae,Bacteroides,GUA56
OTU_100,Bacteria,Firmicutes,Actinobacteria,Pseudomonadales,Bacteroidaceae,Actinomyces,GUA30
OTU_101,Bacteria,Firmicutes,Bacteroidia,NA,Actinomycetaceae,Bacteroides,GUA21
OTU_102,Bacteria,Bacteroidetes,Actinobacteria,Rhizobiales,Lactobacillaceae,Bacteroides,GUA01
OTU_103,Bacteria,Actinobacteria,Actinobacteria,Burkholderiales,Actinomycetaceae,Actinomyces,GUA26
OTU_104,Bacteria,Actinobacteria,Bacilli,Actinomycetales,Actinomycetaceae,Bacteroides,GUA17
OTU_105,Bacteria,Proteobacteria,Bacilli,Rhizobiales,Bacteroidaceae,Escherichia,GUA80
OTU_106,Bacteria,Firmicutes,Bacilli,Pseudomonadales,Enterobacteriaceae,Lactobacillus,GUA25
OTU_107,Bacteria,Actinobacteria,Bacteroidia,NA,Lactobacillaceae,Escherichia,GUA09
OTU_108,Bacteria,Firmicutes,Gammaproteobacteria,Bacillales,Lactobacillaceae,Escherichia,GUA35
OTU_109,Bacteria,Actinobacteria,Actinobacteria,Rhizobiales,Enterobacteriaceae,Lactobacillus,GUA23
OTU_110,Bacteria,Firmicutes,Bacteroidia,NA,Actinomycetaceae,Escherichia,GUA10
OTU_111,Bacteria,Actinobacteria,Gammaproteobacteria,NA,Bacteroidaceae,Lactobacillus,GUA37
OTU_112,Bacteria,Proteobacteria,Gammaproteobacteria,NA,Actinomycetaceae,Escherichia,GUA27
OTU_113,Bacteria,Firmicutes,Bacteroidia,Actinomycetales,Lactobacillaceae,Actinomyces,GUA28
OTU_114,Bacteria,Actinobacteria,Gammaproteobacteria,Actinomycetales,Lactobacillaceae,Actinomyces,GUA02
OTU_115,Bacteria,Proteobacteria,Bacilli,Bacillales,Actinomycetaceae,Bacteroides,GUA38
OTU_116,Bacteria,Proteobacteria,Bacteroidia,Actinomycetales,Lactobacillaceae,Actinomyces,GUA43
OTU_117,Bacteria,Actinobacteria,Actinobacteria,Rhizobiales,Bacteroidaceae,Lactobacillus,GUA58
OTU_118,Bacteria,Firmicutes,Bacilli,Pseudomonadales,Lactobacillaceae,Bacteroides,GUA65
OTU_119,Bacteria,Bacteroidetes,Actinobacteria,Actinomycetales,Bacteroidaceae,Escherichia,GUA22
OTU_120,Bacteria,Proteobacteria,Gammaproteobacteria,Actinomycetales,Actinomycetaceae,Actinomyces,GUA80
OTU_121,Bacteria,Proteobacteria,Bacilli,NA,Actinomycetaceae,Bacteroides,GUA61
OTU_122,Bacteria,Actinobacteria,Actinobacteria,NA,Bacteroidaceae,Actinomyces,GUA66
OTU_123,Bacteria,Bacteroidetes,Bacteroidia,NA,Bacteroidaceae,Bacteroides,GUA21
OTU_124,Bacteria,Bacteroidetes,Gammaproteobacteria,NA,Bacteroidaceae,Lactobacillus,GUA15
OTU_125,Bacteria,Bacteroidetes,Actinobacteria,Rhizobiales,Lactobacillaceae,Lactobacillus,GUA59
OTU_126,Bacteria,Actinobacteria,Gammaproteobacteria,Enterobacterales,Actinomycetaceae,Escherichia,GUA07
OTU_127,Bacteria,Firmicutes,Actinobacteria,Enterobacterales,Lactobacillaceae,Bacteroides,GUA55
OTU_128,Bacteria,Proteobacteria,Bacteroidia,Enterobacterales,Lactobacillaceae,Lactobacillus,GUA57
OTU_129,Bacteria,Actinobacteria,Bacilli,NA,Bacteroidaceae,Escherichia,GUA63
OTU_130,Bacteria,Bacteroidetes,Actinobacteria,Actinomycetales,Lactobacillaceae,Bacteroides,GUA02
OTU_131,Bacteria,Proteobacteria,Gammaproteobacteria,Pseudomonadales,Enterobacteriaceae,Escherichia,GUA67
OTU_132,Bacteria,Proteobacteria,Bacteroidia,Flavobacteriales,Enterobacteriaceae,Lactobacillus,GUA53
OTU_133,Bacteria,Bacteroidetes,Bacilli,Flavobacteriales,Enterobacteriaceae,Escherichia,GUA59
OTU_134,Bacteria,Bacteroidetes,Gammaproteobacteria,Pseudomonadales,Enterobacteriaceae,Bacteroides,GUA64
OTU_135,Bacteria,Proteobacteria,Bacteroidia,Actinomycetales,Enterobacteriaceae,Actinomyces,GUA15
OTU_136,Bacteria,Proteobacteria,Gammaproteobacteria,NA,Bacteroidaceae,Lactobacillus,GUA19
OTU_137,Bacteria,Firmicutes,Bacteroidia,Enterobacterales,Lactobacillaceae,Bacteroides,GUA80
OTU_138,Bacteria,Firmicutes,Bacilli,Rhizobiales,Lactobacillaceae,Bacteroides,GUA07
OTU_139,Bacteria,Actinobacteria,Bacilli,Chlamydiales,Enterobacteriaceae,Escherichia,GUA30
OTU_140,Bacteria,Proteobacteria,Gammaproteobacteria,Flavobacteriales,Lactobacillaceae,Lactobacillus,GUA16
OTU_141,Bacteria,Firmicutes,Bacteroidia,Pseudomonadales,Enterobacteriaceae,Actinomyces,GUA36
OTU_142,Bacteria,Proteobacteria,Actinobacteria,Bacillales,Lactobacillaceae,Actinomyces,GUA22
OTU_143,Bacteria,Bacteroidetes,Bacilli,Rhizobiales,Bacteroidaceae,Escherichia,GUA34
OTU_144,Bacteria,Firmicutes,Actinobacteria,Enterobacterales,Actinomycetaceae,Lactobacillus,GUA05
OTU_145,Bacteria,Bacteroidetes,Actinobacteria,Flavobacteriales,Enterobacteriaceae,Actinomyces,GUA11
OTU_146,Bacteria,Bacteroidetes,Gammaproteobacteria,Pseudomonadales,Bacteroidaceae,Lactobacillus,GUA69
OTU_147,Bacteria,Bacteroidetes,Gammaproteobacteria,Rhizobiales,Bacteroidaceae,Escherichia,GUA45
OTU_148,Bacteria,Actinobacteria,Gammaproteobacteria,NA,Enterobacteriaceae,Lactobacillus,GUA01
OTU_149,Bacteria,Bacteroidetes,Bacteroidia,Actinomycetales,Enterobacteriaceae,Lactobacillus,GUA09
OTU_150,Bacteria,Actinobacteria,Bacilli,Enterobacterales,Bacteroidaceae,Lactobacillus,GUA42
OTU_151,Bacteria,Proteobacteria,Bacilli,NA,Enterobacteriaceae,Escherichia,GUA05
OTU_152,Bacteria,Proteobacteria,Actinobacteria,Burkholderiales,Enterobacteriaceae,Escherichia,GUA58
OTU_153,Bacteria,Firmicutes,Gammaproteobacteria,NA,Actinomycetaceae,Escherichia,GUA51
OTU_154,Bacteria,Firmicutes,Bacteroidia,NA,Actinomycetaceae,Actinomyces,GUA33
OTU_155,Bacteria,Actinobacteria,Bacilli,Enterobacterales,Enterobacteriaceae,Bacteroides,GUA08
OTU_156,Bacteria,Proteobacteria,Bacteroidia,NA,Bacteroidaceae,Lactobacillus,GUA27
OTU_157,Bacteria,Firmicutes,Gammaproteobacteria,Actinomycetales,Lactobacillaceae,Bacteroides,GUA70
OTU_158,Bacteria,Firmicutes,Gammaproteobacteria,NA,Enterobacteriaceae,Lactobacillus,GUA14
OTU_159,Bacteria,Firmicutes,Bacilli,Flavobacteriales,Enterobacteriaceae,Lactobacillus,GUA68
OTU_160,Bacteria,Proteobacteria,Actinobacteria,NA,Lactobacillaceae,Lactobacillus,GUA61
OTU_161,Bacteria,Firmicutes,Actinobacteria,NA,Lactobacillaceae,Escherichia,GUA17
OTU_162,Bacteria,Proteobacteria,Gammaproteobacteria,Rhizobiales,Lactobacillaceae,Actinomyces,GUA26
OTU_163,Bacteria,Bacteroidetes,Gammaproteobacteria,Actinomycetales,Actinomycetaceae,Escherichia,GUA81
OTU_164,Bacteria,Bacteroidetes,Actinobacteria,NA,Actinomycetaceae,Lactobacillus,GUA63
OTU_165,Bacteria,Bacteroidetes,Gammaproteobacteria,NA,Actinomycetaceae,Bacteroides,GUA37
OTU_166,Bacteria,Actinobacteria,Bacilli,NA,Bacteroidaceae,Lactobacillus,GUA58
OTU_167,Bacteria,Proteobacteria,Bacilli,NA,Enterobacteriaceae,Lactobacillus,GUA31
OTU_168,Bacteria,Firmicutes,Bacteroidia,Pseudomonadales,Actinomycetaceae,Actinomyces,GUA60
OTU_169,Bacteria,Actinobacteria,Actinobacteria,Flavobacteriales,Bacteroidaceae,Lactobacillus,GUA08
OTU_170,Bacteria,Actinobacteria,Gammaproteobacteria,Rhizobiales,Bacteroidaceae,Escherichia,GUA15
OTU_171,Bacteria,Bacteroidetes,Bacteroidia,NA,Lactobacillaceae,Actinomyces,GUA58
OTU_172,Bacteria,Proteobacteria,Bacilli,NA,Lactobacillaceae,Actinomyces,GUA63
OTU_173,Bacteria,Firmicutes,Actinobacteria,NA,Actinomycetaceae,Actinomyces,GUA15
OTU_174,Bacteria,Actinobacteria,Bacilli,NA,Enterobacteriaceae,Lactobacillus,GUA40
OTU_175,Bacteria,Firmicutes,Gammaproteobacteria,NA,Enterobacteriaceae,Actinomyces,GUA72
OTU_176,Bacteria,Bacteroidetes,Bacteroidia,NA,Enterobacteriaceae,Actinomyces,GUA49
OTU_177,Bacteria,Proteobacteria,Gammaproteobacteria,Enterobacterales,Bacteroidaceae,Escherichia,GUA33
OTU_178,Bacteria,Firmicutes,Gammaproteobacteria,NA,Bacteroidaceae,Bacteroides,GUA23
OTU_179,Bacteria,Firmicutes,Actinobacteria,Flavobacteriales,Bacteroidaceae,Escherichia,GUA35
OTU_180,Bacteria,Actinobacteria,Actinobacteria,Enterobacterales,Bacteroidaceae,Escherichia,GUA30
OTU_181,Bacteria,Firmicutes,Gammaproteobacteria,Actinomycetales,Enterobacteriaceae,Bacteroides,GUA55
OTU_182,Bacteria,Proteobacteria,Actinobacteria,Burkholderiales,Enterobacteriaceae,Bacteroides,GUA73
OTU_183,Bacteria,Proteobacteria,Bacteroidia,Rhizobiales,Lactobacillaceae,Actinomyces,GUA15
OTU_184,Bacteria,Firmicutes,Bacteroidia,NA,Enterobacteriaceae,Escherichia,GUA37
OTU_185,Bacteria,Actinobacteria,Gammaproteobacteria,NA,Bacteroidaceae,Lactobacillus,GUA61
OTU_186,Bacteria,Actinobacteria,Bacteroidia,Chlamydiales,Bacteroidaceae,Escherichia,GUA62
OTU_187,Bacteria,Bacteroidetes,Gammaproteobacteria,NA,Actinomycetaceae,Bacteroides,GUA07
OTU_188,Bacteria,Proteobacteria,Bacteroidia,Bacillales,Enterobacteriaceae,Actinomyces,GUA81
OTU_189,Bacteria,Bacteroidetes,Bacilli,NA,Enterobacteriaceae,Actinomyces,GUA08
OTU_190,Bacteria,Actinobacteria,Gammaproteobacteria,NA,Lactobacillaceae,Actinomyces,GUA03
OTU_191,Bacteria,Bacteroidetes,Bacteroidia,NA,Lactobacillaceae,Lactobacillus,GUA01
OTU_192,Bacteria,Actinobacteria,Bacilli,Rhizobiales,Bacteroidaceae,Lactobacillus,GUA44
OTU_193,Bacteria,Bacteroidetes,Gammaproteobacteria,Burkholderiales,Actinomycetaceae,Bacteroides,GUA10
OTU_194,Bacteria,Bacteroidetes,Bacteroidia,NA,Enterobacteriaceae,Actinomyces,GUA43
OTU_195,Bacteria,Proteobacteria,Bacteroidia,NA,Enterobacteriaceae,Escherichia,GUA55
OTU_196,Bacteria,Proteobacteria,Bacilli,Rhizobiales,Actinomycetaceae,Actinomyces,GUA55
OTU_197,Bacteria,Bacteroidetes,Actinobacteria,NA,Enterobacteriaceae,Escherichia,GUA54
OTU_198,Bacteria,Actinobacteria,Actinobacteria,NA,Lactobacillaceae,Escherichia,GUA38
OTU_199,Bacteria,Actinobacteria,Bacilli,Flavobacteriales,Actinomycetaceae,Lactobacillus,GUA54
OTU_200,Bacteria,Proteobacteria,Bacilli,Rhizobiales,Enterobacteriaceae,Actinomyces,GUA69
OTU_201,Bacteria,Proteobacteria,Gammaproteobacteria,Bacillales,Lactobacillaceae,Bacteroides,GUA22
OTU_202,Bacteria,Firmicutes,Actinobacteria,Bacillales,Lactobacillaceae,Actinomyces,GUA73
OTU_203,Bacteria,Proteobacteria,Gammaproteobacteria,NA,Bacteroidaceae,Actinomyces,GUA45
OTU_204,Bacteria,Actinobacteria,Bacteroidia,Enterobacterales,Enterobacteriaceae,Bacteroides,GUA03
OTU_205,Bacteria,Proteobacteria,Bacilli,NA,Actinomycetaceae,Bacteroides,GUA35
OTU_206,Bacteria,Firmicutes,Gammaproteobacteria,Pseudomonadales,Lactobacillaceae,Actinomyces,GUA67
OTU_207,Bacteria,Bacteroidetes,Bacilli,Bacillales,Lactobacillaceae,Bacteroides,GUA17
OTU_208,Bacteria,Bacteroidetes,Gammaproteobacteria,Actinomycetales,Bacteroidaceae,Escherichia,GUA54
OTU_209,Bacteria,Actinobacteria,Bacteroidia,Flavobacteriales,Actinomycetaceae,Lactobacillus,GUA72
OTU_210,Bacteria,Firmicutes,Bacteroidia,NA,Bacteroidaceae,Bacteroides,GUA22
OTU_211,Bacteria,Bacteroidetes,Actinobacteria,NA,Lactobacillaceae,Escherichia,GUA24
OTU_212,Bacteria,Bacteroidetes,Actinobacteria,Flavobacteriales,Enterobacteriaceae,Lactobacillus,GUA58
OTU_213,Bacteria,Proteobacteria,Bacteroidia,Enterobacterales,Actinomycetaceae,Bacteroides,GUA54
OTU_214,Bacteria,Bacteroidetes,Gammaproteobacteria,NA,Enterobacteriaceae,Lactobacillus,GUA63
OTU_215,Bacteria,Actinobacteria,Bacilli,Enterobacterales,Enterobacteriaceae,Actinomyces,GUA12
OTU_216,Bacteria,Bacteroidetes,Bacteroidia,Rhizobiales,Bacteroidaceae,Bacteroides,GUA56
OTU_217,Bacteria,Actinobacteria,Bacteroidia,NA,Lactobacillaceae,Escherichia,GUA55
OTU_218,Bacteria,Actinobacteria,Gammaproteobacteria,Bacillales,Enterobacteriaceae,Escherichia,GUA44
OTU_219,Bacteria,Proteobacteria,Bacteroidia,Bacillales,Actinomycetaceae,Lactobacillus,GUA19
OTU_220,Bacteria,Firmicutes,Bacteroidia,NA,Bacteroidaceae,Escherichia,GUA74
OTU_221,Bacteria,Actinobacteria,Gammaproteobacteria,NA,Actinomycetaceae,Escherichia,GUA15
OTU_222,Bacteria,Bacteroidetes,Bacteroidia,Pseudomonadales,Enterobacteriaceae,Bacteroides,GUA32
OTU_223,Bacteria,Bacteroidetes,Actinobacteria,NA,Actinomycetaceae,Lactobacillus,GUA26
OTU_224,Bacteria,Actinobacteria,Actinobacteria,NA,Bacteroidaceae,Escherichia,GUA31
OTU_225,Bacteria,Bacteroidetes,Actinobacteria,NA,Bacteroidaceae,Actinomyces,GUA73
OTU_226,Bacteria,Proteobacteria,Actinobacteria,Flavobacteriales,Lactobacillaceae,Bacteroides,GUA47
OTU_227,Bacteria,Bacteroidetes,Bacteroidia,Bacillales,Actinomycetaceae,Escherichia,GUA11
OTU_228,Bacteria,Proteobacteria,Bacilli,NA,Bacteroidaceae,Escherichia,GUA25
OTU_229,Bacteria,Actinobacteria,Actinobacteria,NA,Bacteroidaceae,Escherichia,GUA01
OTU_230,Bacteria,Actinobacteria,Actinobacteria,Flavobacteriales,Lactobacillaceae,Bacteroides,GUA52
OTU_231,Bacteria,Actinobacteria,Bacteroidia,Pseudomonadales,Bacteroidaceae,Bacteroides,GUA62
OTU_232,Bacteria,Proteobacteria,Bacteroidia,Burkholderiales,Enterobacteriaceae,Lactobacillus,GUA51
OTU_233,Bacteria,Bacteroidetes,Gammaproteobacteria,Enterobacterales,Actinomycetaceae,Bacteroides,GUA12
OTU_234,Bacteria,Proteobacteria,Actinobacteria,NA,Lactobacillaceae,Escherichia,GUA68
OTU_235,Bacteria,Bacteroidetes,Gammaproteobacteria,Actinomycetales,Enterobacteriaceae,Escherichia,GUA40
OTU_236,Bacteria,Bacteroidetes,Actinobacteria,Bacillales,Enterobacteriaceae,Actinomyces,GUA71
OTU_237,Bacteria,Proteobacteria,Bacilli,Flavobacteriales,Actinomycetaceae,Bacteroides,GUA46
OTU_238,Bacteria,Firmicutes,Bacteroidia,NA,Lactobacillaceae,Escherichia,GUA34
OTU_239,Bacteria,Actinobacteria,Bacteroidia,Actinomycetales,Bacteroidaceae,Actinomyces,GUA33
OTU_240,Bacteria,Bacteroidetes,Gammaproteobacteria,Burkholderiales,Lactobacillaceae,Lactobacillus,GUA69
OTU_241,Bacteria,Bacteroidetes,Gammaproteobacteria,Flavobacteriales,Bacteroidaceae,Lactobacillus,GUA71
OTU_242,Bacteria,Proteobacteria,Bacteroidia,Actinomycetales,Actinomycetaceae,Lactobacillus,GUA07
OTU_243,Bacteria,Firmicutes,Bacteroidia,Bacillales,Actinomycetaceae,Escherichia,GUA73
OTU_244,Bacteria,Actinobacteria,Bacteroidia,NA,Enterobacteriaceae,Escherichia,GUA13
OTU_245,Bacteria,Firmicutes,Actinobacteria,Bacillales,Enterobacteriaceae,Lactobacillus,GUA07
OTU_246,Bacteria,Actinobacteria,Actinobacteria,NA,Enterobacteriaceae,Actinomyces,GUA67
OTU_247,Bacteria,Bacteroidetes,Bacilli,NA,Actinomycetaceae,Lactobacillus,GUA26
OTU_248,Bacteria,Bacteroidetes,Actinobacteria,NA,Bacteroidaceae,Bacteroides,GUA49
OTU_249,Bacteria,Proteobacteria,Bacteroidia,Flavobacteriales,Actinomycetaceae,Escherichia,GUA80
OTU_250,Bacteria,Proteobacteria,Actinobacteria,Enterobacterales,Actinomycetaceae,Escherichia,GUA64
OTU_251,Bacteria,Firmicutes,Gammaproteobacteria,NA,Enterobacteriaceae,Bacteroides,GUA37
OTU_252,Bacteria,Firmicutes,Bacteroidia,NA,Lactobacillaceae,Escherichia,GUA59
OTU_253,Bacteria,Actinobacteria,Actinobacteria,Flavobacteriales,Enterobacteriaceae,Bacteroides,GUA54
OTU_254,Bacteria,Proteobacteria,Bacteroidia,Flavobacteriales,Lactobacillaceae,Lactobacillus,GUA21
OTU_255,Bacteria,Bacteroidetes,Gammaproteobacteria,NA,Bacteroidaceae,Lactobacillus,GUA03
OTU_256,Bacteria,Proteobacteria,Gammaproteobacteria,Bacillales,Bacteroidaceae,Escherichia,GUA62
OTU_257,Bacteria,Firmicutes,Actinobacteria,Burkholderiales,Bacteroidaceae,Escherichia,GUA66
OTU_258,Bacteria,Proteobacteria,Bacteroidia,NA,Enterobacteriaceae,Lactobacillus,GUA19
OTU_259,Bacteria,Bacteroidetes,Bacilli,Flavobacteriales,Enterobacteriaceae,Bacteroides,GUA62
OTU_260,Bacteria,Proteobacteria,Gammaproteobacteria,Enterobacterales,Enterobacteriaceae,Lactobacillus,GUA73
OTU_261,Bacteria,Firmicutes,Bacilli,NA,Actinomycetaceae,Bacteroides,GUA16
OTU_262,Bacteria,Bacteroidetes,Actinobacteria,Rhizobiales,Enterobacteriaceae,Actinomyces,GUA06
OTU_263,Bacteria,Actinobacteria,Gammaproteobacteria,NA,Actinomycetaceae,Lactobacillus,GUA26
OTU_264,Bacteria,Actinobacteria,Bacilli,Flavobacteriales,Bacteroidaceae,Bacteroides,GUA22
OTU_265,Bacteria,Bacteroidetes,Gammaproteobacteria,NA,Enterobacteriaceae,Bacteroides,GUA45
OTU_266,Bacteria,Bacteroidetes,Bacilli,Flavobacteriales,Actinomycetaceae,Bacteroides,GUA05
OTU_267,Bacteria,Bacteroidetes,Bacteroidia,NA,Bacteroidaceae,Escherichia,GUA82
OTU_268,Bacteria,Firmicutes,Bacteroidia,Flavobacteriales,Bacteroidaceae,Escherichia,GUA45
OTU_269,Bacteria,Bacteroidetes,Actinobacteria,Flavobacteriales,Enterobacteriaceae,Actinomyces,GUA57
OTU_270,Bacteria,Firmicutes,Gammaproteobacteria,Pseudomonadales,Lactobacillaceae,Actinomyces,GUA54
OTU_271,Bacteria,Bacteroidetes,Bacilli,NA,Lactobacillaceae,Bacteroides,GUA35
OTU_272,Bacteria,Firmicutes,Actinobacteria,Enterobacterales,Bacteroidaceae,Escherichia,GUA40
OTU_273,Bacteria,Firmicutes,Bacteroidia,NA,Lactobacillaceae,Bacteroides,GUA31
OTU_274,Bacteria,Proteobacteria,Bacteroidia,NA,Lactobacillaceae,Escherichia,GUA31
OTU_275,Bacteria,Actinobacteria,Actinobacteria,Flavobacteriales,Actinomycetaceae,Escherichia,GUA64
OTU_276,Bacteria,Bacteroidetes,Gammaproteobacteria,Burkholderiales,Actinomycetaceae,Actinomyces,GUA52
OTU_277,Bacteria,Actinobacteria,Bacilli,NA,Actinomycetaceae,Bacteroides,GUA71
OTU_278,Bacteria,Actinobacteria,Bacteroidia,NA,Bacteroidaceae,Bacteroides,GUA55
OTU_279,Bacteria,Proteobacteria,Actinobacteria,Actinomycetales,Lactobacillaceae,Escherichia,GUA11
OTU_280,Bacteria,Actinobacteria,Bacteroidia,Actinomycetales,Enterobacteriaceae,Escherichia,GUA22
OTU_281,Bacteria,Actinobacteria,Bacteroidia,Enterobacterales,Lactobacillaceae,Lactobacillus,GUA57
OTU_282,Bacteria,Bacteroidetes,Bacilli,Actinomycetales,Bacteroidaceae,Actinomyces,GUA01
OTU_283,Bacteria,Firmicutes,Gammaproteobacteria,Actinomycetales,Actinomycetaceae,Lactobacillus,GUA37
OTU_284,Bacteria,Bacteroidetes,Gammaproteobacteria,NA,Bacteroidaceae,Escherichia,GUA72
OTU_285,Bacteria,Bacteroidetes,Bacilli,NA,Actinomycetaceae,Bacteroides,GUA21
OTU_286,Bacteria,Actinobacteria,Actinobacteria,NA,Bacteroidaceae,Escherichia,GUA12
OTU_287,Bacteria,Actinobacteria,Actinobacteria,NA,Enterobacteriaceae,Lactobacillus,GUA71
OTU_288,Bacteria,Bacteroidetes,Gammaproteobacteria,Actinomycetales,Actinomycetaceae,Actinomyces,GUA12
OTU_289,Bacteria,Bacteroidetes,Bacteroidia,NA,Actinomycetaceae,Escherichia,GUA01
OTU_290,Bacteria,Actinobacteria,Bacteroidia,Rhizobiales,Lactobacillaceae,Bacteroides,GUA36
OTU_291,Bacteria,Firmicutes,Actinobacteria,Enterobacterales,Bacteroidaceae,Lactobacillus,GUA30
OTU_292,Bacteria,Firmicutes,Bacilli,NA,Lactobacillaceae,Escherichia,GUA19
OTU_293,Bacteria,Bacteroidetes,Bacteroidia,Enterobacterales,Bacteroidaceae,Bacteroides,GUA05
OTU_294,Bacteria,Firmicutes,Actinobacteria,Flavobacteriales,Enterobacteriaceae,Bacteroides,GUA81
OTU_295,Bacteria,Bacteroidetes,Bacilli,NA,Lactobacillaceae,Escherichia,GUA69
OTU_296,Bacteria,Proteobacteria,Gammaproteobacteria,NA,Actinomycetaceae,Lactobacillus,GUA34
OTU_297,Bacteria,Actinobacteria,Bacilli,NA,Enterobacteriaceae,Bacteroides,GUA37
OTU_298,Bacteria,Bacteroidetes,Gammaproteobacteria,Actinomycetales,Bacteroidaceae,Actinomyces,GUA31
OTU_299,Bacteria,Bacteroidetes,Actinobacteria,Rhizobiales,Actinomycetaceae,Lactobacillus,GUA27
OTU_300,Bacteria,Bacteroidetes,Bacilli,Bacillales,Bacteroidaceae,Bacteroides,GUA50
OTU_301,Bacteria,Firmicutes,Actinobacteria,Burkholderiales,Actinomycetaceae,Escherichia,GUA81
OTU_302,Bacteria,Bacteroidetes,Gammaproteobacteria,Actinomycetales,Bacteroidaceae,Escherichia,GUA03
OTU_303,Bacteria,Proteobacteria,Bacteroidia,Pseudomonadales,Actinomycetaceae,Lactobacillus,GUA53
OTU_304,Bacteria,Firmicutes,Bacteroidia,Actinomycetales,Bacteroidaceae,Bacteroides,GUA74
OTU_305,Bacteria,Actinobacteria,Gammaproteobacteria,NA,Lactobacillaceae,Bacteroides,GUA30
OTU_306,Bacteria,Proteobacteria,Bacteroidia,NA,Actinomycetaceae,Lactobacillus,GUA48
OTU_307,Bacteria,Bacteroidetes,Bacteroidia,Burkholderiales,Actinomycetaceae,Lactobacillus,GUA36
OTU_308,Bacteria,Proteobacteria,Bacilli,Pseudomonadales,Lactobacillaceae,Lactobacillus,GUA09
OTU_309,Bacteria,Bacteroidetes,Bacilli,Enterobacterales,Bacteroidaceae,Actinomyces,GUA30
OTU_310,Bacteria,Proteobacteria,Bacteroidia,Pseudomonadales,Actinomycetaceae,Actinomyces,GUA50
OTU_311,Bacteria,Firmicutes,Bacilli,NA,Lactobacillaceae,Actinomyces,GUA59
OTU_312,Bacteria,Bacteroidetes,Gammaproteobacteria,Actinomycetales,Bacteroidaceae,Escherichia,GUA18
OTU_313,Bacteria,Firmicutes,Bacilli,Flavobacteriales,Actinomycetaceae,Actinomyces,GUA12
OTU_314,Bacteria,Proteobacteria,Bacilli,Actinomycetales,Actinomycetaceae,Actinomyces,GUA09
OTU_315,Bacteria,Bacteroidetes,Bacilli,Flavobacteriales,Bacteroidaceae,Actinomyces,GUA24
OTU_316,Bacteria,Actinobacteria,Actinobacteria,NA,Lactobacillaceae,Bacteroides,GUA41
OTU_317,Bacteria,Actinobacteria,Gammaproteobacteria,Actinomycetales,Actinomycetaceae,Actinomyces,GUA30
OTU_318,Bacteria,Bacteroidetes,Bacteroidia,NA,Bacteroidaceae,Lactobacillus,GUA35
OTU_319,Bacteria,Proteobacteria,Bacteroidia,NA,Actinomycetaceae,Actinomyces,GUA27
OTU_320,Bacteria,Actinobacteria,Actinobacteria,NA,Bacteroidaceae,Escherichia,GUA58
OTU_321,Bacteria,Bacteroidetes,Bacilli,Actinomycetales,Actinomycetaceae,Escherichia,GUA04
OTU_322,Bacteria,Actinobacteria,Gammaproteobacteria,NA,Enterobacteriaceae,Actinomyces,GUA61
OTU_323,Bacteria,Bacteroidetes,Gammaproteobacteria,NA,Lactobacillaceae,Lactobacillus,GUA50
OTU_324,Bacteria,Proteobacteria,Bacteroidia,Pseudomonadales,Lactobacillaceae,Lactobacillus,GUA47
OTU_325,Bacteria,Proteobacteria,Actinobacteria,NA,Enterobacteriaceae,Bacteroides,GUA49
OTU_326,Bacteria,Firmicutes,Actinobacteria,Rhizobiales,Bacteroidaceae,Lactobacillus,GUA69
OTU_327,Bacteria,Actinobacteria,Actinobacteria,NA,Lactobacillaceae,Bacteroides,GUA33
OTU_328,Bacteria,Firmicutes,Actinobacteria,NA,Bacteroidaceae,Bacteroides,GUA17
OTU_329,Bacteria,Proteobacteria,Gammaproteobacteria,Flavobacteriales,Actinomycetaceae,Lactobacillus,GUA17
OTU_330,Bacteria,Bacteroidetes,Bacilli,Rhizobiales,Enterobacteriaceae,Lactobacillus,GUA51
OTU_331,Bacteria,Proteobacteria,Bacteroidia,Flavobacteriales,Bacteroidaceae,Bacteroides,GUA72
OTU_332,Bacteria,Proteobacteria,Gammaproteobacteria,Flavobacteriales,Bacteroidaceae,Escherichia,GUA38
OTU_333,Bacteria,Bacteroidetes,Actinobacteria,Chlamydiales,Lactobacillaceae,Actinomyces,GUA28
OTU_334,Bacteria,Firmicutes,Actinobacteria,Burkholderiales,Actinomycetaceae,Escherichia,GUA67
OTU_335,Bacteria,Actinobacteria,Bacteroidia,Actinomycetales,Lactobacillaceae,Lactobacillus,GUA73
OTU_336,Bacteria,Proteobacteria,Bacilli,NA,Actinomycetaceae,Lactobacillus,GUA33
OTU_337,Bacteria,Proteobacteria,Bacilli,NA,Lactobacillaceae,Bacteroides,GUA34
OTU_338,Bacteria,Actinobacteria,Bacilli,Actinomycetales,Bacteroidaceae,Actinomyces,GUA01
OTU_339,Bacteria,Proteobacteria,Actinobacteria,Actinomycetales,Bacteroidaceae,Lactobacillus,GUA01
OTU_340,Bacteria,Actinobacteria,Gammaproteobacteria,Burkholderiales,Enterobacteriaceae,Actinomyces,GUA37
OTU_341,Bacteria,Actinobacteria,Gammaproteobacteria,Pseudomonadales,Bacteroidaceae,Escherichia,GUA46
OTU_342,Bacteria,Actinobacteria,Bacilli,Burkholderiales,Bacteroidaceae,Actinomyces,GUA31
OTU_343,Bacteria,Bacteroidetes,Bacteroidia,Burkholderiales,Bacteroidaceae,Escherichia,GUA49
OTU_344,Bacteria,Firmicutes,Bacilli,NA,Bacteroidaceae,Lactobacillus,GUA66
OTU_345,Bacteria,Firmicutes,Bacilli,NA,Enterobacteriaceae,Lactobacillus,GUA08
OTU_346,Bacteria,Bacteroidetes,Bacteroidia,Rhizobiales,Actinomycetaceae,Bacteroides,GUA12
OTU_347,Bacteria,Firmicutes,Bacilli,Flavobacteriales,Enterobacteriaceae,Escherichia,GUA69
OTU_348,Bacteria,Firmicutes,Bacteroidia,Pseudomonadales,Enterobacteriaceae,Escherichia,GUA33
OTU_349,Bacteria,Firmicutes,Bacteroidia,NA,Lactobacillaceae,Actinomyces,GUA07
OTU_350,Bacteria,Proteobacteria,Gammaproteobacteria,NA,Actinomycetaceae,Bacteroides,GUA19
OTU_351,Bacteria,Bacteroidetes,Bacteroidia,Flavobacteriales,Lactobacillaceae,Bacteroides,GUA67
OTU_352,Bacteria,Firmicutes,Bacilli,Enterobacterales,Enterobacteriaceae,Bacteroides,GUA13
OTU_353,Bacteria,Bacteroidetes,Bacteroidia,Flavobacteriales,Bacteroidaceae,Escherichia,GUA57
OTU_354,Bacteria,Firmicutes,Bacilli,Bacillales,Actinomycetaceae,Lactobacillus,GUA23
OTU_355,Bacteria,Firmicutes,Bacteroidia,Flavobacteriales,Bacteroidaceae,Lactobacillus,GUA39
OTU_356,Bacteria,Bacteroidetes,Gammaproteobacteria,NA,Enterobacteriaceae,Actinomyces,GUA13
OTU_357,Bacteria,Actinobacteria,Bacilli,NA,Enterobacteriaceae,Actinomyces,GUA39
OTU_358,Bacteria,Bacteroidetes,Bacilli,Pseudomonadales,Enterobacteriaceae,Escherichia,GUA02
OTU_359,Bacteria,Actinobacteria,Bacilli,NA,Actinomycetaceae,Lactobacillus,GUA51
OTU_360,Bacteria,Proteobacteria,Bacteroidia,Pseudomonadales,Lactobacillaceae,Bacteroides,GUA70
OTU_361,Bacteria,Bacteroidetes,Gammaproteobacteria,Burkholderiales,Lactobacillaceae,Lactobacillus,GUA51
OTU_362,Bacteria,Actinobacteria,Gammaproteobacteria,Actinomycetales,Bacteroidaceae,Actinomyces,GUA33
OTU_363,Bacteria,Firmicutes,Gammaproteobacteria,Pseudomonadales,Actinomycetaceae,Lactobacillus,GUA42
OTU_364,Bacteria,Proteobacteria,Gammaproteobacteria,Rhizobiales,Bacteroidaceae,Bacteroides,GUA16
OTU_365,Bacteria,Bacteroidetes,Bacteroidia,Burkholderiales,Bacteroidaceae,Actinomyces,GUA67
OTU_366,Bacteria,Actinobacteria,Bacilli,Actinomycetales,Lactobacillaceae,Escherichia,GUA29
OTU_367,Bacteria,Actinobacteria,Actinobacteria,Actinomycetales,Actinomycetaceae,Lactobacillus,GUA68
OTU_368,Bacteria,Bacteroidetes,Gammaproteobacteria,Bacillales,Enterobacteriaceae,Lactobacillus,GUA59
OTU_369,Bacteria,Actinobacteria,Actinobacteria,NA,Bacteroidaceae,Escherichia,GUA31
OTU_370,Bacteria,Bacteroidetes,Bacteroidia,Flavobacteriales,Enterobacteriaceae,Escherichia,GUA22
OTU_371,Bacteria,Actinobacteria,Bacteroidia,NA,Actinomycetaceae,Bacteroides,GUA80
OTU_372,Bacteria,Firmicutes,Actinobacteria,Burkholderiales,Bacteroidaceae,Lactobacillus,GUA25
OTU_373,Bacteria,Bacteroidetes,Bacilli,NA,Enterobacteriaceae,Actinomyces,GUA26
OTU_374,Bacteria,Bacteroidetes,Actinobacteria,Enterobacterales,Enterobacteriaceae,Lactobacillus,GUA74
OTU_375,Bacteria,Proteobacteria,Bacteroidia,NA,Lactobacillaceae,Bacteroides,GUA13
OTU_376,Bacteria,Firmicutes,Actinobacteria,Flavobacteriales,Actinomycetaceae,Actinomyces,GUA43
OTU_377,Bacteria,Bacteroidetes,Gammaproteobacteria,Bacillales,Actinomycetaceae,Actinomyces,GUA64
OTU_378,Bacteria,Actinobacteria,Gammaproteobacteria,Burkholderiales,Actinomycetaceae,Actinomyces,GUA80
OTU_379,Bacteria,Actinobacteria,Bacilli,Burkholderiales,Bacteroidaceae,Bacteroides,GUA23
OTU_380,Bacteria,Actinobacteria,Actinobacteria,NA,Lactobacillaceae,Lactobacillus,GUA49
OTU_381,Bacteria,Proteobacteria,Actinobacteria,Flavobacteriales,Bacteroidaceae,Actinomyces,GUA05
OTU_382,Bacteria,Bacteroidetes,Actinobacteria,NA,Actinomycetaceae,Escherichia,GUA18
OTU_383,Bacteria,Actinobacteria,Actinobacteria,Pseudomonadales,Bacteroidaceae,Bacteroides,GUA71
OTU_384,Bacteria,Proteobacteria,Bacilli,Pseudomonadales,Enterobacteriaceae,Actinomyces,GUA04
OTU_385,Bacteria,Proteobacteria,Bacteroidia,Rhizobiales,Bacteroidaceae,Bacteroides,GUA38
OTU_386,Bacteria,Bacteroidetes,Bacilli,Rhizobiales,Bacteroidaceae,Escherichia,GUA15
OTU_387,Bacteria,Actinobacteria,Bacteroidia,NA,Actinomycetaceae,Actinomyces,GUA70
OTU_388,Bacteria,Firmicutes,Bacteroidia,Bacillales,Enterobacteriaceae,Lactobacillus,GUA40
OTU_389,Bacteria,Actinobacteria,Bacteroidia,Rhizobiales,Actinomycetaceae,Bacteroides,GUA33
OTU_390,Bacteria,Firmicutes,Actinobacteria,Actinomycetales,Enterobacteriaceae,Actinomyces,GUA01
OTU_391,Bacteria,Firmicutes,Bacilli,Bacillales,Enterobacteriaceae,Actinomyces,GUA57
OTU_392,Bacteria,Actinobacteria,Bacteroidia,Bacillales,Enterobacteriaceae,Bacteroides,GUA37
OTU_393,Bacteria,Firmicutes,Gammaproteobacteria,Flavobacteriales,Actinomycetaceae,Escherichia,GUA21
OTU_394,Bacteria,Proteobacteria,Bacteroidia,Rhizobiales,Enterobacteriaceae,Bacteroides,GUA49
OTU_395,Bacteria,Proteobacteria,Bacilli,Actinomycetales,Lactobacillaceae,Lactobacillus,GUA12
OTU_396,Bacteria,Actinobacteria,Actinobacteria,NA,Lactobacillaceae,Escherichia,GUA21
OTU_397,Bacteria,Bacteroidetes,Gammaproteobacteria,Flavobacteriales,Lactobacillaceae,Lactobacillus,GUA63
OTU_398,Bacteria,Proteobacteria,Bacteroidia,Burkholderiales,Lactobacillaceae,Lactobacillus,GUA70
OTU_399,Bacteria,Actinobacteria,Actinobacteria,Actinomycetales,Actinomycetaceae,Bacteroides,GUA51
OTU_400,Bacteria,Firmicutes,Bacilli,Rhizobiales,Bacteroidaceae,Actinomyces,GUA09
OTU_401,Bacteria,Proteobacteria,Bacilli,Actinomycetales,Bacteroidaceae,Escherichia,GUA74
OTU_402,Bacteria,Actinobacteria,Gammaproteobacteria,NA,Lactobacillaceae,Lactobacillus,GUA65
OTU_403,Bacteria,Actinobacteria,Gammaproteobacteria,Actinomycetales,Bacteroidaceae,Actinomyces,GUA13
OTU_404,Bacteria,Bacteroidetes,Bacteroidia,Pseudomonadales,Lactobacillaceae,Actinomyces,GUA18
OTU_405,Bacteria,Firmicutes,Actinobacteria,Bacillales,Lactobacillaceae,Actinomyces,GUA51
OTU_406,Bacteria,Firmicutes,Actinobacteria,NA,Bacteroidaceae,Escherichia,GUA29
OTU_407,Bacteria,Firmicutes,Bacilli,NA,Bacteroidaceae,Actinomyces,GUA59
OTU_408,Bacteria,Actinobacteria,Bacilli,NA,Enterobacteriaceae,Bacteroides,GUA66
OTU_409,Bacteria,Actinobacteria,Bacteroidia,Pseudomonadales,Lactobacillaceae,Lactobacillus,GUA27
OTU_410,Bacteria,Firmicutes,Bacteroidia,Rhizobiales,Bacteroidaceae,Actinomyces,GUA55
OTU_411,Bacteria,Actinobacteria,Bacilli,NA,Bacteroidaceae,Lactobacillus,GUA37
OTU_412,Bacteria,Bacteroidetes,Bacilli,Bacillales,Bacteroidaceae,Escherichia,GUA29
OTU_413,Bacteria,Actinobacteria,Actinobacteria,Flavobacteriales,Enterobacteriaceae,Lactobacillus,GUA10
OTU_414,Bacteria,Actinobacteria,Actinobacteria,NA,Lactobacillaceae,Actinomyces,GUA72
OTU_415,Bacteria,Proteobacteria,Actinobacteria,NA,Lactobacillaceae,Escherichia,GUA66
OTU_416,Bacteria,Bacteroidetes,Bacteroidia,Pseudomonadales,Actinomycetaceae,Escherichia,GUA26
OTU_417,Bacteria,Proteobacteria,Actinobacteria,Burkholderiales,Enterobacteriaceae,Escherichia,GUA70
OTU_418,Bacteria,Firmicutes,Gammaproteobacteria,NA,Enterobacteriaceae,Escherichia,GUA47
OTU_419,Bacteria,Firmicutes,Gammaproteobacteria,Actinomycetales,Lactobacillaceae,Escherichia,GUA48
OTU_420,Bacteria,Bacteroidetes,Actinobacteria,Flavobacteriales,Actinomycetaceae,Lactobacillus,GUA12
OTU_421,Bacteria,Actinobacteria,Actinobacteria,Flavobacteriales,Actinomycetaceae,Actinomyces,GUA38
OTU_422,Bacteria,Proteobacteria,Bacilli,NA,Lactobacillaceae,Lactobacillus,GUA44
OTU_423,Bacteria,Bacteroidetes,Bacilli,Actinomycetales,Bacteroidaceae,Actinomyces,GUA19
OTU_424,Bacteria,Proteobacteria,Bacteroidia,Pseudomonadales,Enterobacteriaceae,Escherichia,GUA55
OTU_425,Bacteria,Actinobacteria,Gammaproteobacteria,NA,Actinomycetaceae,Escherichia,GUA37
OTU_426,Bacteria,Proteobacteria,Gammaproteobacteria,NA,Bacteroidaceae,Bacteroides,GUA20
OTU_427,Bacteria,Bacteroidetes,Bacteroidia,NA,Actinomycetaceae,Bacteroides,GUA57
OTU_428,Bacteria,Actinobacteria,Actinobacteria,NA,Bacteroidaceae,Lactobacillus,GUA66
OTU_429,Bacteria,Actinobacteria,Actinobacteria,Burkholderiales,Bacteroidaceae,Lactobacillus,GUA27
OTU_430,Bacteria,Bacteroidetes,Bacteroidia,Burkholderiales,Enterobacteriaceae,Actinomyces,GUA56
OTU_431,Bacteria,Actinobacteria,Gammaproteobacteria,NA,Actinomycetaceae,Actinomyces,GUA11
OTU_432,Bacteria,Proteobacteria,Gammaproteobacteria,NA,Actinomycetaceae,Bacteroides,GUA56
OTU_433,Bacteria,Firmicutes,Actinobacteria,Enterobacterales,Bacteroidaceae,Bacteroides,GUA67
OTU_434,Bacteria,Bacteroidetes,Bacilli,NA,Lactobacillaceae,Actinomyces,GUA52
OTU_435,Bacteria,Proteobacteria,Bacteroidia,NA,Actinomycetaceae,Lactobacillus,GUA39
OTU_436,Bacteria,Actinobacteria,Bacteroidia,Flavobacteriales,Enterobacteriaceae,Actinomyces,GUA66
OTU_437,Bacteria,Firmicutes,Actinobacteria,Enterobacterales,Lactobacillaceae,Lactobacillus,GUA48
OTU_438,Bacteria,Proteobacteria,Bacteroidia,Actinomycetales,Actinomycetaceae,Actinomyces,GUA58
OTU_439,Bacteria,Bacteroidetes,Gammaproteobacteria,Enterobacterales,Enterobacteriaceae,Escherichia,GUA28
OTU_440,Bacteria,Actinobacteria,Actinobacteria,Actinomycetales,Lactobacillaceae,Escherichia,GUA29
OTU_441,Bacteria,Bacteroidetes,Gammaproteobacteria,NA,Actinomycetaceae,Lactobacillus,GUA67
OTU_442,Bacteria,Proteobacteria,Bacilli,NA,Enterobacteriaceae,Lactobacillus,GUA16
OTU_443,Bacteria,Firmicutes,Bacteroidia,Flavobacteriales,Lactobacillaceae,Lactobacillus,GUA81
OTU_444,Bacteria,Proteobacteria,Bacteroidia,NA,Actinomycetaceae,Bacteroides,GUA51
OTU_445,Bacteria,Proteobacteria,Gammaproteobacteria,Pseudomonadales,Lactobacillaceae,Bacteroides,GUA30
OTU_446,Bacteria,Actinobacteria,Actinobacteria,NA,Bacteroidaceae,Actinomyces,GUA28
OTU_447,Bacteria,Bacteroidetes,Actinobacteria,Actinomycetales,Bacteroidaceae,Bacteroides,GUA32
OTU_448,Bacteria,Proteobacteria,Bacteroidia,Flavobacteriales,Lactobacillaceae,Actinomyces,GUA57
OTU_449,Bacteria,Proteobacteria,Gammaproteobacteria,NA,Bacteroidaceae,Actinomyces,GUA47
OTU_450,Bacteria,Firmicutes,Bacilli,Bacillales,Bacteroidaceae,Actinomyces,GUA50
OTU_451,Bacteria,Firmicutes,Gammaproteobacteria,Actinomycetales,Lactobacillaceae,Lactobacillus,GUA67
OTU_452,Bacteria,Bacteroidetes,Actinobacteria,NA,Bacteroidaceae,Escherichia,GUA19
OTU_453,Bacteria,Bacteroidetes,Bacteroidia,NA,Lactobacillaceae,Bacteroides,GUA30
OTU_454,Bacteria,Actinobacteria,Bacteroidia,NA,Lactobacillaceae,Actinomyces,GUA67
OTU_455,Bacteria,Bacteroidetes,Bacteroidia,Rhizobiales,Bacteroidaceae,Escherichia,GUA09
OTU_456,Bacteria,Firmicutes,Bacilli,NA,Actinomycetaceae,Actinomyces,GUA67
OTU_457,Bacteria,Bacteroidetes,Bacilli,NA,Lactobacillaceae,Lactobacillus,GUA13
OTU_458,Bacteria,Proteobacteria,Actinobacteria,NA,Lactobacillaceae,Actinomyces,GUA11
OTU_459,Bacteria,Bacteroidetes,Gammaproteobacteria,NA,Actinomycetaceae,Bacteroides,GUA72
OTU_460,Bacteria,Bacteroidetes,Gammaproteobacteria,NA,Bacteroidaceae,Escherichia,GUA03
OTU_461,Bacteria,Actinobacteria,Gammaproteobacteria,NA,Enterobacteriaceae,Lactobacillus,GUA52
OTU_462,Bacteria,Proteobacteria,Bacilli,Enterobacterales,Actinomycetaceae,Actinomyces,GUA07
OTU_463,Bacteria,Actinobacteria,Bacteroidia,Actinomycetales,Enterobacteriaceae,Bacteroides,GUA48
OTU_464,Bacteria,Firmicutes,Actinobacteria,NA,Bacteroidaceae,Bacteroides,GUA49
OTU_465,Bacteria,Bacteroidetes,Actinobacteria,NA,Lactobacillaceae,Lactobacillus,GUA67
OTU_466,Bacteria,Bacteroidetes,Bacilli,Enterobacterales,Lactobacillaceae,Bacteroides,GUA03
OTU_467,Bacteria,Firmicutes,Bacilli,NA,Bacteroidaceae,Bacteroides,GUA34
OTU_468,Bacteria,Actinobacteria,Bacteroidia,NA,Bacteroidaceae,Bacteroides,GUA55
OTU_469,Bacteria,Proteobacteria,Bacteroidia,NA,Bacteroidaceae,Bacteroides,GUA39
OTU_470,Bacteria,Actinobacteria,Bacilli,NA,Bacteroidaceae,Actinomyces,GUA03
OTU_471,Bacteria,Actinobacteria,Actinobacteria,Enterobacterales,Bacteroidaceae,Lactobacillus,GUA16
OTU_472,Bacteria,Proteobacteria,Bacteroidia,NA,Bacteroidaceae,Escherichia,GUA19
OTU_473,Bacteria,Bacteroidetes,Bacteroidia,NA,Bacteroidaceae,Escherichia,GUA49
OTU_474,Bacteria,Actinobacteria,Actinobacteria,Actinomycetales,Lactobacillaceae,Bacteroides,GUA11
OTU_475,Bacteria,Firmicutes,Bacteroidia,NA,Enterobacteriaceae,Actinomyces,GUA62
OTU_476,Bacteria,Proteobacteria,Actinobacteria,Actinomycetales,Enterobacteriaceae,Bacteroides,GUA30
OTU_477,Bacteria,Bacteroidetes,Gammaproteobacteria,NA,Lactobacillaceae,Bacteroides,GUA37
OTU_478,Bacteria,Proteobacteria,Bacteroidia,Bacillales,Actinomycetaceae,Actinomyces,GUA06
OTU_479,Bacteria,Firmicutes,Bacteroidia,Flavobacteriales,Enterobacteriaceae,Lactobacillus,GUA20
OTU_480,Bacteria,Proteobacteria,Gammaproteobacteria,Burkholderiales,Actinomycetaceae,Escherichia,GUA42
OTU_481,Bacteria,Proteobacteria,Actinobacteria,Enterobacterales,Lactobacillaceae,Actinomyces,GUA59
OTU_482,Bacteria,Actinobacteria,Bacteroidia,Actinomycetales,Actinomycetaceae,Escherichia,GUA57
OTU_483,Bacteria,Firmicutes,Gammaproteobacteria,Actinomycetales,Lactobacillaceae,Actinomyces,GUA08
OTU_484,Bacteria,Firmicutes,Actinobacteria,Rhizobiales,Bacteroidaceae,Actinomyces,GUA51
OTU_485,Bacteria,Firmicutes,Bacteroidia,Rhizobiales,Bacteroidaceae,Bacteroides,GUA64
OTU_486,Bacteria,Proteobacteria,Bacilli,NA,Enterobacteriaceae,Lactobacillus,GUA06
OTU_487,Bacteria,Firmicutes,Gammaproteobacteria,NA,Enterobacteriaceae,Escherichia,GUA34
OTU_488,Bacteria,Firmicutes,Actinobacteria,NA,Actinomycetaceae,Lactobacillus,GUA19
OTU_489,Bacteria,Firmicutes,Bacilli,NA,Actinomycetaceae,Bacteroides,GUA38
OTU_490,Bacteria,Actinobacteria,Actinobacteria,Enterobacterales,Enterobacteriaceae,Actinomyces,GUA20
OTU_491,Bacteria,Firmicutes,Bacilli,Enterobacterales,Bacteroidaceae,Escherichia,GUA44
OTU_492,Bacteria,Proteobacteria,Bacilli,NA,Lactobacillaceae,Lactobacillus,GUA01
OTU_493,Bacteria,Actinobacteria,Gammaproteobacteria,Enterobacterales,Bacteroidaceae,Escherichia,GUA07
OTU_494,Bacteria,Firmicutes,Gammaproteobacteria,NA,Enterobacteriaceae,Escherichia,GUA57
OTU_495,Bacteria,Firmicutes,Bacilli,Rhizobiales,Lactobacillaceae,Escherichia,GUA23
OTU_496,Bacteria,Actinobacteria,Gammaproteobacteria,Actinomycetales,Actinomycetaceae,Lactobacillus,GUA62
OTU_497,Bacteria,Firmicutes,Actinobacteria,NA,Enterobacteriaceae,Escherichia,GUA04
OTU_498,Bacteria,Proteobacteria,Bacteroidia,Actinomycetales,Bacteroidaceae,Lactobacillus,GUA60
OTU_499,Bacteria,Proteobacteria,Actinobacteria,Enterobacterales,Actinomycetaceae,Actinomyces,GUA29
OTU_500,Bacteria,Firmicutes,Bacilli,Bacillales,Actinomycetaceae,Lactobacillus,GUA48
OTU_501,Bacteria,Proteobacteria,Actinobacteria,NA,Enterobacteriaceae,Bacteroides,GUA55
OTU_502,Bacteria,Actinobacteria,Bacilli,Bacillales,Bacteroidaceae,Escherichia,GUA06
OTU_503,Bacteria,Firmicutes,Actinobacteria,Flavobacteriales,Enterobacteriaceae,Bacteroides,GUA50
OTU_504,Bacteria,Actinobacteria,Actinobacteria,Pseudomonadales,Lactobacillaceae,Bacteroides,GUA47
OTU_505,Bacteria,Proteobacteria,Gammaproteobacteria,Rhizobiales,Lactobacillaceae,Actinomyces,GUA29
OTU_506,Bacteria,Firmicutes,Bacilli,Rhizobiales,Actinomycetaceae,Actinomyces,GUA07
OTU_507,Bacteria,Actinobacteria,Bacilli,NA,Bacteroidaceae,Lactobacillus,GUA49
OTU_508,Bacteria,Proteobacteria,Bacteroidia,NA,Lactobacillaceae,Lactobacillus,GUA21
OTU_509,Bacteria,Firmicutes,Actinobacteria,NA,Lactobacillaceae,Escherichia,GUA06
OTU_510,Bacteria,Bacteroidetes,Actinobacteria,NA,Lactobacillaceae,Bacteroides,GUA68
OTU_511,Bacteria,Proteobacteria,Bacteroidia,NA,Lactobacillaceae,Actinomyces,GUA58
OTU_512,Bacteria,Proteobacteria,Bacilli,Enterobacterales,Enterobacteriaceae,Actinomyces,GUA80
OTU_513,Bacteria,Bacteroidetes,Actinobacteria,NA,Actinomycetaceae,Escherichia,GUA72
OTU_514,Bacteria,Bacteroidetes,Bacteroidia,Pseudomonadales,Actinomycetaceae,Actinomyces,GUA52
OTU_515,Bacteria,Actinobacteria,Bacteroidia,Pseudomonadales,Lactobacillaceae,Bacteroides,GUA06
OTU_516,Bacteria,Proteobacteria,Bacteroidia,NA,Actinomycetaceae,Bacteroides,GUA17
OTU_517,Bacteria,Bacteroidetes,Actinobacteria,Rhizobiales,Actinomycetaceae,Escherichia,GUA33
OTU_518,Bacteria,Firmicutes,Bacilli,NA,Actinomycetaceae,Bacteroides,GUA64
OTU_519,Bacteria,Proteobacteria,Bacilli,Actinomycetales,Actinomycetaceae,Lactobacillus,GUA41
OTU_520,Bacteria,Actinobacteria,Bacteroidia,NA,Enterobacteriaceae,Bacteroides,GUA40
OTU_521,Bacteria,Bacteroidetes,Bacteroidia,Actinomycetales,Lactobacillaceae,Lactobacillus,GUA49
OTU_522,Bacteria,Proteobacteria,Bacilli,Actinomycetales,Bacteroidaceae,Actinomyces,GUA33
OTU_523,Bacteria,Proteobacteria,Bacteroidia,Actinomycetales,Enterobacteriaceae,Lactobacillus,GUA18
OTU_524,Bacteria,Bacteroidetes,Bacteroidia,NA,Actinomycetaceae,Escherichia,GUA37
OTU_525,Bacteria,Bacteroidetes,Bacilli,Enterobacterales,Lactobacillaceae,Escherichia,GUA52
OTU_526,Bacteria,Bacteroidetes,Actinobacteria,Actinomycetales,Lactobacillaceae,Escherichia,GUA81
OTU_527,Bacteria,Proteobacteria,Bacteroidia,Burkholderiales,Lactobacillaceae,Escherichia,GUA04
OTU_528,Bacteria,Bacteroidetes,Actinobacteria,NA,Lactobacillaceae,Escherichia,GUA41
OTU_529,Bacteria,Bacteroidetes,Bacteroidia,Enterobacterales,Actinomycetaceae,Bacteroides,GUA29
OTU_530,Bacteria,Proteobacteria,Bacteroidia,Pseudomonadales,Lactobacillaceae,Actinomyces,GUA80
OTU_531,Bacteria,Proteobacteria,Bacteroidia,Flavobacteriales,Bacteroidaceae,Lactobacillus,GUA58
OTU_532,Bacteria,Actinobacteria,Gammaproteobacteria,NA,Bacteroidaceae,Lactobacillus,GUA80
OTU_533,Bacteria,Firmicutes,Actinobacteria,NA,Lactobacillaceae,Actinomyces,GUA11
OTU_534,Bacteria,Proteobacteria,Actinobacteria,NA,Actinomycetaceae,Escherichia,GUA12
OTU_535,Bacteria,Firmicutes,Bacteroidia,NA,Bacteroidaceae,Escherichia,GUA61
OTU_536,Bacteria,Actinobacteria,Bacilli,NA,Bacteroidaceae,Lactobacillus,GUA07
OTU_537,Bacteria,Actinobacteria,Bacteroidia,Rhizobiales,Bacteroidaceae,Escherichia,GUA28
OTU_538,Bacteria,Bacteroidetes,Gammaproteobacteria,Enterobacterales,Enterobacteriaceae,Bacteroides,GUA16
OTU_539,Bacteria,Actinobacteria,Bacteroidia,NA,Enterobacteriaceae,Bacteroides,GUA08
OTU_540,Bacteria,Bacteroidetes,Gammaproteobacteria,NA,Bacteroidaceae,Bacteroides,GUA01
OTU_541,Bacteria,Bacteroidetes,Bacteroidia,NA,Actinomycetaceae,Actinomyces,GUA27
OTU_542,Bacteria,Proteobacteria,Actinobacteria,NA,Actinomycetaceae,Actinomyces,GUA46
OTU_543,Bacteria,Proteobacteria,Bacteroidia,Flavobacteriales,Bacteroidaceae,Bacteroides,GUA23
OTU_544,Bacteria,Firmicutes,Actinobacteria,NA,Bacteroidaceae,Actinomyces,GUA34
OTU_545,Bacteria,Bacteroidetes,Bacilli,Flavobacteriales,Actinomycetaceae,Bacteroides,GUA42
OTU_546,Bacteria,Bacteroidetes,Bacilli,Flavobacteriales,Enterobacteriaceae,Escherichia,GUA22
OTU_547,Bacteria,Firmicutes,Bacteroidia,NA,Enterobacteriaceae,Actinomyces,GUA66
OTU_548,Bacteria,Bacteroidetes,Bacteroidia,Actinomycetales,Bacteroidaceae,Bacteroides,GUA66
OTU_549,Bacteria,Actinobacteria,Bacilli,NA,Actinomycetaceae,Actinomyces,GUA27
OTU_550,Bacteria,Bacteroidetes,Gammaproteobacteria,Actinomycetales,Enterobacteriaceae,Lactobacillus,GUA33
OTU_551,Bacteria,Bacteroidetes,Bacilli,NA,Bacteroidaceae,Lactobacillus,GUA07
OTU_552,Bacteria,Bacteroidetes,Bacilli,Pseudomonadales,Lactobacillaceae,Bacteroides,GUA68
OTU_553,Bacteria,Proteobacteria,Gammaproteobacteria,Actinomycetales,Bacteroidaceae,Bacteroides,GUA06
OTU_554,Bacteria,Actinobacteria,Bacilli,Pseudomonadales,Lactobacillaceae,Bacteroides,GUA72
OTU_555,Bacteria,Bacteroidetes,Bacilli,Rhizobiales,Bacteroidaceae,Lactobacillus,GUA64
OTU_556,Bacteria,Actinobacteria,Gammaproteobacteria,Burkholderiales,Actinomycetaceae,Actinomyces,GUA16
OTU_557,Bacteria,Actinobacteria,Gammaproteobacteria,NA,Actinomycetaceae,Lactobacillus,GUA17
OTU_558,Bacteria,Actinobacteria,Actinobacteria,Actinomycetales,Actinomycetaceae,Bacteroides,GUA23
OTU_559,Bacteria,Firmicutes,Bacteroidia,NA,Actinomycetaceae,Bacteroides,GUA12
OTU_560,Bacteria,Bacteroidetes,Actinobacteria,Rhizobiales,Lactobacillaceae,Bacteroides,GUA16
OTU_561,Bacteria,Proteobacteria,Gammaproteobacteria,Actinomycetales,Bacteroidaceae,Bacteroides,GUA58
OTU_562,Bacteria,Proteobacteria,Bacilli,NA,Actinomycetaceae,Bacteroides,GUA61
OTU_563,Bacteria,Proteobacteria,Gammaproteobacteria,NA,Enterobacteriaceae,Bacteroides,GUA17
OTU_564,Bacteria,Proteobacteria,Bacilli,Flavobacteriales,Enterobacteriaceae,Escherichia,GUA43
OTU_565,Bacteria,Bacteroidetes,Actinobacteria,Bacillales,Enterobacteriaceae,Escherichia,GUA58
OTU_566,Bacteria,Proteobacteria,Actinobacteria,NA,Bacteroidaceae,Escherichia,GUA60
OTU_567,Bacteria,Actinobacteria,Actinobacteria,NA,Enterobacteriaceae,Lactobacillus,GUA26
OTU_568,Bacteria,Firmicutes,Bacilli,NA,Enterobacteriaceae,Actinomyces,GUA18
OTU_569,Bacteria,Proteobacteria,Bacteroidia,Rhizobiales,Lactobacillaceae,Bacteroides,GUA30
OTU_570,Bacteria,Actinobacteria,Bacteroidia,Flavobacteriales,Bacteroidaceae,Escherichia,GUA57
OTU_571,Bacteria,Proteobacteria,Bacteroidia,NA,Bacteroidaceae,Lactobacillus,GUA81
OTU_572,Bacteria,Bacteroidetes,Gammaproteobacteria,Enterobacterales,Enterobacteriaceae,Actinomyces,GUA66
OTU_573,Bacteria,Actinobacteria,Gammaproteobacteria,NA,Bacteroidaceae,Bacteroides,GUA14
OTU_574,Bacteria,Bacteroidetes,Bacilli,NA,Lactobacillaceae,Bacteroides,GUA07
OTU_575,Bacteria,Proteobacteria,Gammaproteobacteria,Actinomycetales,Lactobacillaceae,Actinomyces,GUA38
OTU_576,Bacteria,Actinobacteria,Bacilli,NA,Actinomycetaceae,Actinomyces,GUA26
OTU_577,Bacteria,Actinobacteria,Actinobacteria,Flavobacteriales,Lactobacillaceae,Actinomyces,GUA54
OTU_578,Bacteria,Actinobacteria,Bacilli,NA,Actinomycetaceae,Lactobacillus,GUA25
OTU_579,Bacteria,Proteobacteria,Gammaproteobacteria,NA,Enterobacteriaceae,Escherichia,GUA07
OTU_580,Bacteria,Firmicutes,Actinobacteria,NA,Actinomycetaceae,Bacteroides,GUA34
OTU_581,Bacteria,Firmicutes,Actinobacteria,NA,Actinomycetaceae,Escherichia,GUA10
OTU_582,Bacteria,Bacteroidetes,Bacilli,NA,Enterobacteriaceae,Actinomyces,GUA62
OTU_583,Bacteria,Firmicutes,Bacteroidia,NA,Actinomycetaceae,Bacteroides,GUA15
OTU_584,Bacteria,Proteobacteria,Gammaproteobacteria,Flavobacteriales,Lactobacillaceae,Bacteroides,GUA20
OTU_585,Bacteria,Actinobacteria,Gammaproteobacteria,Actinomycetales,Enterobacteriaceae,Escherichia,GUA30
OTU_586,Bacteria,Actinobacteria,Bacteroidia,NA,Bacteroidaceae,Escherichia,GUA29
OTU_587,Bacteria,Proteobacteria,Gammaproteobacteria,Pseudomonadales,Actinomycetaceae,Bacteroides,GUA25
OTU_588,Bacteria,Actinobacteria,Bacteroidia,NA,Lactobacillaceae,Lactobacillus,GUA32
OTU_589,Bacteria,Firmicutes,Bacteroidia,NA,Bacteroidaceae,Actinomyces,GUA30
OTU_590,Bacteria,Bacteroidetes,Actinobacteria,Bacillales,Enterobacteriaceae,Escherichia,GUA28
OTU_591,Bacteria,Proteobacteria,Actinobacteria,Bacillales,Enterobacteriaceae,Bacteroides,GUA54
OTU_592,Bacteria,Actinobacteria,Bacilli,Actinomycetales,Enterobacteriaceae,Escherichia,GUA51
OTU_593,Bacteria,Proteobacteria,Actinobacteria,NA,Lactobacillaceae,Bacteroides,GUA05
OTU_594,Bacteria,Firmicutes,Bacteroidia,NA,Bacteroidaceae,Lactobacillus,GUA56
OTU_595,Bacteria,Actinobacteria,Bacilli,Flavobacteriales,Enterobacteriaceae,Escherichia,GUA16
OTU_596,Bacteria,Actinobacteria,Gammaproteobacteria,Flavobacteriales,Lactobacillaceae,Bacteroides,GUA72
OTU_597,Bacteria,Actinobacteria,Bacteroidia,Actinomycetales,Lactobacillaceae,Escherichia,GUA60
OTU_598,Bacteria,Actinobacteria,Bacilli,Actinomycetales,Bacteroidaceae,Bacteroides,GUA39
OTU_599,Bacteria,Proteobacteria,Actinobacteria,NA,Enterobacteriaceae,Actinomyces,GUA46
OTU_600,Bacteria,Firmicutes,Bacteroidia,NA,Enterobacteriaceae,Bacteroides,GUA73
OTU_601,Bacteria,Firmicutes,Bacilli,Flavobacteriales,Actinomycetaceae,Bacteroides,GUA01
OTU_602,Bacteria,Bacteroidetes,Gammaproteobacteria,NA,Enterobacteriaceae,Bacteroides,GUA16
OTU_603,Bacteria,Proteobacteria,Bacteroidia,NA,Bacteroidaceae,Bacteroides,GUA40
OTU_604,Bacteria,Firmicutes,Bacteroidia,Bacillales,Lactobacillaceae,Actinomyces,GUA55
OTU_605,Bacteria,Proteobacteria,Bacilli,NA,Bacteroidaceae,Lactobacillus,GUA55
OTU_606,Bacteria,Proteobacteria,Bacilli,NA,Enterobacteriaceae,Actinomyces,GUA54
OTU_607,Bacteria,Firmicutes,Actinobacteria,NA,Lactobacillaceae,Lactobacillus,GUA65
OTU_608,Bacteria,Bacteroidetes,Actinobacteria,Pseudomonadales,Bacteroidaceae,Lactobacillus,GUA07
OTU_609,Bacteria,Bacteroidetes,Bacteroidia,NA,Enterobacteriaceae,Actinomyces,GUA14
OTU_610,Bacteria,Bacteroidetes,Gammaproteobacteria,NA,Enterobacteriaceae,Escherichia,GUA06
OTU_611,Bacteria,Actinobacteria,Actinobacteria,Pseudomonadales,Enterobacteriaceae,Lactobacillus,GUA43
OTU_612,Bacteria,Firmicutes,Gammaproteobacteria,NA,Actinomycetaceae,Actinomyces,GUA09
OTU_613,Bacteria,Actinobacteria,Bacilli,Pseudomonadales,Actinomycetaceae,Bacteroides,GUA20
OTU_614,Bacteria,Actinobacteria,Bacilli,Flavobacteriales,Actinomycetaceae,Actinomyces,GUA41
OTU_615,Bacteria,Actinobacteria,Actinobacteria,NA,Lactobacillaceae,Lactobacillus,GUA03
OTU_616,Bacteria,Proteobacteria,Bacteroidia,Bacillales,Bacteroidaceae,Escherichia,GUA59
OTU_617,Bacteria,Proteobacteria,Bacilli,NA,Lactobacillaceae,Escherichia,GUA24
OTU_618,Bacteria,Firmicutes,Gammaproteobacteria,Enterobacterales,Lactobacillaceae,Escherichia,GUA50
OTU_619,Bacteria,Firmicutes,Bacteroidia,Rhizobiales,Enterobacteriaceae,Bacteroides,GUA11
OTU_620,Bacteria,Proteobacteria,Actinobacteria,NA,Enterobacteriaceae,Actinomyces,GUA47
OTU_621,Bacteria,Proteobacteria,Bacilli,Enterobacterales,Lactobacillaceae,Actinomyces,GUA46
OTU_622,Bacteria,Actinobacteria,Actinobacteria,Actinomycetales,Bacteroidaceae,Escherichia,GUA69
OTU_623,Bacteria,Bacteroidetes,Bacteroidia,Pseudomonadales,Actinomycetaceae,Bacteroides,GUA42
OTU_624,Bacteria,Bacteroidetes,Bacteroidia,Bacillales,Lactobacillaceae,Escherichia,GUA63
OTU_625,Bacteria,Bacteroidetes,Bacteroidia,Rhizobiales,Lactobacillaceae,Lactobacillus,GUA27
OTU_626,Bacteria,Bacteroidetes,Gammaproteobacteria,NA,Bacteroidaceae,Actinomyces,GUA47
OTU_627,Bacteria,Bacteroidetes,Bacteroidia,Enterobacterales,Bacteroidaceae,Bacteroides,GUA02
OTU_628,Bacteria,Actinobacteria,Bacteroidia,Actinomycetales,Lactobacillaceae,Escherichia,GUA60
OTU_629,Bacteria,Firmicutes,Bacilli,Rhizobiales,Enterobacteriaceae,Bacteroides,GUA09
OTU_630,Bacteria,Proteobacteria,Gammaproteobacteria,Enterobacterales,Enterobacteriaceae,Lactobacillus,GUA19
OTU_631,Bacteria,Actinobacteria,Gammaproteobacteria,NA,Lactobacillaceae,Lactobacillus,GUA58
OTU_632,Bacteria,Bacteroidetes,Actinobacteria,Pseudomonadales,Enterobacteriaceae,Actinomyces,GUA68
OTU_633,Bacteria,Proteobacteria,Bacteroidia,Bacillales,Bacteroidaceae,Bacteroides,GUA66
OTU_634,Bacteria,Actinobacteria,Bacilli,NA,Actinomycetaceae,Escherichia,GUA15
OTU_635,Bacteria,Bacteroidetes,Actinobacteria,Flavobacteriales,Bacteroidaceae,Escherichia,GUA24
OTU_636,Bacteria,Actinobacteria,Bacteroidia,NA,Actinomycetaceae,Escherichia,GUA14
OTU_637,Bacteria,Proteobacteria,Gammaproteobacteria,NA,Lactobacillaceae,Actinomyces,GUA66
OTU_638,Bacteria,Firmicutes,Bacteroidia,Flavobacteriales,Lactobacillaceae,Lactobacillus,GUA28
OTU_639,Bacteria,Bacteroidetes,Bacteroidia,NA,Actinomycetaceae,Escherichia,GUA05
OTU_640,Bacteria,Proteobacteria,Bacilli,Actinomycetales,Enterobacteriaceae,Actinomyces,GUA57
OTU_641,Bacteria,Proteobacteria,Bacilli,Pseudomonadales,Lactobacillaceae,Actinomyces,GUA32
OTU_642,Bacteria,Firmicutes,Bacilli,Enterobacterales,Actinomycetaceae,Actinomyces,GUA59
OTU_643,Bacteria,Actinobacteria,Actinobacteria,Burkholderiales,Enterobacteriaceae,Actinomyces,GUA64
OTU_644,Bacteria,Firmicutes,Bacilli,Burkholderiales,Actinomycetaceae,Actinomyces,GUA05
OTU_645,Bacteria,Firmicutes,Actinobacteria,Flavobacteriales,Lactobacillaceae,Actinomyces,GUA27
OTU_646,Bacteria,Actinobacteria,Bacteroidia,Burkholderiales,Lactobacillaceae,Lactobacillus,GUA37
OTU_647,Bacteria,Actinobacteria,Actinobacteria,NA,Bacteroidaceae,Lactobacillus,GUA16
OTU_648,Bacteria,Actinobacteria,Actinobacteria,NA,Actinomycetaceae,Escherichia,GUA41
OTU_649,Bacteria,Proteobacteria,Bacilli,NA,Enterobacteriaceae,Bacteroides,GUA03
OTU_650,Bacteria,Proteobacteria,Bacilli,Flavobacteriales,Lactobacillaceae,Lactobacillus,GUA42
OTU_651,Bacteria,Bacteroidetes,Gammaproteobacteria,NA,Bacteroidaceae,Bacteroides,GUA60
OTU_652,Bacteria,Bacteroidetes,Actinobacteria,Actinomycetales,Bacteroidaceae,Escherichia,GUA63
OTU_653,Bacteria,Firmicutes,Bacteroidia,Rhizobiales,Enterobacteriaceae,Lactobacillus,GUA60
OTU_654,Bacteria,Firmicutes,Gammaproteobacteria,Enterobacterales,Lactobacillaceae,Lactobacillus,GUA42
OTU_655,Bacteria,Bacteroidetes,Gammaproteobacteria,Actinomycetales,Bacteroidaceae,Escherichia,GUA31
OTU_656,Bacteria,Firmicutes,Gammaproteobacteria,Actinomycetales,Enterobacteriaceae,Escherichia,GUA70
OTU_657,Bacteria,Actinobacteria,Bacilli,Enterobacterales,Enterobacteriaceae,Bacteroides,GUA69
OTU_658,Bacteria,Proteobacteria,Bacilli,NA,Actinomycetaceae,Bacteroides,GUA58
OTU_659,Bacteria,Bacteroidetes,Bacilli,Burkholderiales,Actinomycetaceae,Escherichia,GUA25
OTU_660,Bacteria,Proteobacteria,Bacteroidia,NA,Lactobacillaceae,Lactobacillus,GUA30
OTU_661,Bacteria,Bacteroidetes,Actinobacteria,NA,Bacteroidaceae,Actinomyces,GUA44
OTU_662,Bacteria,Proteobacteria,Gammaproteobacteria,Rhizobiales,Bacteroidaceae,Bacteroides,GUA37
OTU_663,Bacteria,Bacteroidetes,Bacilli,NA,Actinomycetaceae,Escherichia,GUA28
OTU_664,Bacteria,Proteobacteria,Actinobacteria,Actinomycetales,Lactobacillaceae,Lactobacillus,GUA55
OTU_665,Bacteria,Actinobacteria,Gammaproteobacteria,Bacillales,Bacteroidaceae,Lactobacillus,GUA14
OTU_666,Bacteria,Bacteroidetes,Actinobacteria,Flavobacteriales,Enterobacteriaceae,Bacteroides,GUA20
OTU_667,Bacteria,Bacteroidetes,Gammaproteobacteria,NA,Enterobacteriaceae,Bacteroides,GUA68
OTU_668,Bacteria,Bacteroidetes,Actinobacteria,NA,Enterobacteriaceae,Actinomyces,GUA15
OTU_669,Bacteria,Actinobacteria,Bacilli,Actinomycetales,Enterobacteriaceae,Bacteroides,GUA47
OTU_670,Bacteria,Proteobacteria,Actinobacteria,Pseudomonadales,Actinomycetaceae,Actinomyces,GUA65
OTU_671,Bacteria,Bacteroidetes,Actinobacteria,NA,Lactobacillaceae,Escherichia,GUA05
OTU_672,Bacteria,Proteobacteria,Gammaproteobacteria,Burkholderiales,Enterobacteriaceae,Bacteroides,GUA27
OTU_673,Bacteria,Actinobacteria,Actinobacteria,Burkholderiales,Enterobacteriaceae,Actinomyces,GUA17
OTU_674,Bacteria,Firmicutes,Bacteroidia,Actinomycetales,Bacteroidaceae,Bacteroides,GUA54
OTU_675,Bacteria,Bacteroidetes,Gammaproteobacteria,Bacillales,Actinomycetaceae,Escherichia,GUA69
OTU_676,Bacteria,Actinobacteria,Actinobacteria,Actinomycetales,Bacteroidaceae,Escherichia,GUA67
OTU_677,Bacteria,Proteobacteria,Bacteroidia,NA,Bacteroidaceae,Actinomyces,GUA09
OTU_678,Bacteria,Bacteroidetes,Gammaproteobacteria,Burkholderiales,Bacteroidaceae,Lactobacillus,GUA53
OTU_679,Bacteria,Proteobacteria,Bacilli,Enterobacterales,Enterobacteriaceae,Escherichia,GUA38
OTU_680,Bacteria,Firmicutes,Gammaproteobacteria,Flavobacteriales,Lactobacillaceae,Escherichia,GUA37
OTU_681,Bacteria,Bacteroidetes,Gammaproteobacteria,NA,Actinomycetaceae,Escherichia,GUA50
OTU_682,Bacteria,Bacteroidetes,Actinobacteria,Burkholderiales,Enterobacteriaceae,Escherichia,GUA64
OTU_683,Bacteria,Proteobacteria,Bacteroidia,NA,Actinomycetaceae,Lactobacillus,GUA64
OTU_684,Bacteria,Bacteroidetes,Gammaproteobacteria,Flavobacteriales,Enterobacteriaceae,Escherichia,GUA22
OTU_685,Bacteria,Actinobacteria,Gammaproteobacteria,Actinomycetales,Lactobacillaceae,Lactobacillus,GUA37
OTU_686,Bacteria,Actinobacteria,Gammaproteobacteria,Pseudomonadales,Lactobacillaceae,Bacteroides,GUA15
OTU_687,Bacteria,Firmicutes,Actinobacteria,NA,Actinomycetaceae,Lactobacillus,GUA56
OTU_688,Bacteria,Actinobacteria,Gammaproteobacteria,NA,Bacteroidaceae,Actinomyces,GUA04
OTU_689,Bacteria,Firmicutes,Bacteroidia,Enterobacterales,Enterobacteriaceae,Bacteroides,GUA02
OTU_690,Bacteria,Proteobacteria,Actinobacteria,NA,Actinomycetaceae,Lactobacillus,GUA22
OTU_691,Bacteria,Proteobacteria,Bacilli,NA,Bacteroidaceae,Lactobacillus,GUA31
OTU_692,Bacteria,Firmicutes,Bacilli,NA,Lactobacillaceae,Lactobacillus,GUA60
OTU_693,Bacteria,Actinobacteria,Actinobacteria,Enterobacterales,Enterobacteriaceae,Lactobacillus,GUA45
OTU_694,Bacteria,Actinobacteria,Bacteroidia,NA,Lactobacillaceae,Lactobacillus,GUA16
OTU_695,Bacteria,Firmicutes,Actinobacteria,Actinomycetales,Enterobacteriaceae,Lactobacillus,GUA47
OTU_696,Bacteria,Firmicutes,Actinobacteria,NA,Bacteroidaceae,Actinomyces,GUA63
OTU_697,Bacteria,Proteobacteria,Actinobacteria,NA,Enterobacteriaceae,Actinomyces,GUA22
OTU_698,Bacteria,Firmicutes,Actinobacteria,Enterobacterales,Bacteroidaceae,Actinomyces,GUA81
OTU_699,Bacteria,Actinobacteria,Gammaproteobacteria,Enterobacterales,Enterobacteriaceae,Lactobacillus,GUA25
OTU_700,Bacteria,Firmicutes,Bacilli,Actinomycetales,Actinomycetaceae,Bacteroides,GUA48
OTU_701,Bacteria,Firmicutes,Bacteroidia,Actinomycetales,Lactobacillaceae,Actinomyces,GUA51
OTU_702,Bacteria,Firmicutes,Gammaproteobacteria,Actinomycetales,Enterobacteriaceae,Escherichia,GUA09
OTU_703,Bacteria,Proteobacteria,Bacilli,NA,Enterobacteriaceae,Escherichia,GUA01
OTU_704,Bacteria,Firmicutes,Actinobacteria,NA,Lactobacillaceae,Lactobacillus,GUA45
OTU_705,Bacteria,Bacteroidetes,Bacilli,Actinomycetales,Enterobacteriaceae,Bacteroides,GUA69
OTU_706,Bacteria,Bacteroidetes,Bacilli,NA,Lactobacillaceae,Actinomyces,GUA15
OTU_707,Bacteria,Bacteroidetes,Gammaproteobacteria,NA,Bacteroidaceae,Lactobacillus,GUA66
OTU_708,Bacteria,Actinobacteria,Gammaproteobacteria,Flavobacteriales,Actinomycetaceae,Bacteroides,GUA31
OTU_709,Bacteria,Actinobacteria,Bacteroidia,Flavobacteriales,Actinomycetaceae,Escherichia,GUA55
OTU_710,Bacteria,Firmicutes,Actinobacteria,Enterobacterales,Lactobacillaceae,Actinomyces,GUA32
OTU_711,Bacteria,Bacteroidetes,Actinobacteria,Pseudomonadales,Actinomycetaceae,Lactobacillus,GUA70
OTU_712,Bacteria,Proteobacteria,Actinobacteria,Pseudomonadales,Lactobacillaceae,Lactobacillus,GUA32
OTU_713,Bacteria,Bacteroidetes,Bacilli,Actinomycetales,Actinomycetaceae,Bacteroides,GUA50
OTU_714,Bacteria,Bacteroidetes,Bacilli,Flavobacteriales,Enterobacteriaceae,Lactobacillus,GUA16
OTU_715,Bacteria,Actinobacteria,Actinobacteria,NA,Enterobacteriaceae,Lactobacillus,GUA14
